episode_length,episode_return,episodes,steps,steps_per_second
30,-16.758808,1,30,24.935613429694374
30,-2.1012797,2,60,329.405087581056
30,-1.8350431,3,90,338.2330472368347
30,-1.1506071,4,120,325.23565081186706
30,-15.654171,5,150,374.0350167949823
30,-14.358028,6,180,385.67130509409674
30,-2.753362,7,210,415.3489047625335
30,-10.380019,8,240,378.4459636258643
30,-4.8323917,9,270,380.86294831087935
30,-11.290894,10,300,374.69104076278734
30,-12.607525,11,330,414.4378058982787
30,2.9902935,12,360,362.652340699025
30,-17.729815,13,390,388.601358863496
30,-18.802935,14,420,400.6403667972108
30,-3.2508605,15,450,388.7874677501583
30,-10.294216,16,480,341.7885693021032
30,-5.6161623,17,510,419.67381081026997
30,-27.749191,18,540,418.2175690497557
30,3.9402342,19,570,434.1120702146598
30,-13.182764,20,600,420.82614003110314
30,-11.199718,21,630,400.53834155658126
30,-2.4117253,22,660,436.8717776010944
30,-22.274183,23,690,345.32957894910174
30,-5.4019117,24,720,417.8536987102002
30,-0.35567972,25,750,429.12870881931656
30,-17.563713,26,780,412.2841415465269
30,-14.841451,27,810,404.07293466323273
30,-6.673802,28,840,428.52367232677415
30,-8.559964,29,870,390.0710521421043
30,1.9726143,30,900,386.27274736609445
30,-4.300132,31,930,415.3009244743104
30,-15.154799,32,960,425.39586805637725
30,-7.456385,33,990,422.7262557069955
30,-3.6561239,34,1020,6.793724914793039
30,-18.214201,35,1050,119.90086169520403
30,6.686079,36,1080,135.6633567293075
30,-9.429835,37,1110,139.86343684315244
30,-10.692862,38,1140,130.6923116072161
30,-4.485242,39,1170,144.12045590167259
30,2.4527836,40,1200,154.7753632012635
30,19.497349,41,1230,168.75974201024394
30,-13.84857,42,1260,149.23321603802788
30,8.538158,43,1290,145.69508143952334
30,-19.492579,44,1320,157.71973497183512
30,-5.345194,45,1350,182.57431144206132
30,-10.499186,46,1380,150.52716577962323
30,-6.2079,47,1410,150.94790863167037
30,1.1525545,48,1440,148.74614035170674
30,-8.921605,49,1470,171.36954958488593
30,-16.264528,50,1500,140.5962224347686
30,-34.089462,51,1530,159.04383436978614
30,0.8957354,52,1560,134.67310265109757
30,7.3994875,53,1590,170.71019628485996
30,32.791832,54,1620,139.1779561281645
30,-1.405518,55,1650,142.9804873392694
30,-14.229795,56,1680,133.0339739618245
30,7.0059934,57,1710,156.55489724263379
30,12.597964,58,1740,130.27663400841323
30,0.8000965,59,1770,140.79491554819543
30,5.173171,60,1800,153.0136841375637
30,-37.99182,61,1830,173.0680420878894
30,-10.739326,62,1860,139.49240064297987
30,19.8283,63,1890,136.30098865757265
30,-19.170637,64,1920,135.68661704144387
30,10.055939,65,1950,168.11870869819654
30,24.526632,66,1980,137.92651686797305
30,-8.93077,67,2010,126.54078537696002
30,10.65437,68,2040,143.632677661498
30,2.825475,69,2070,171.28230537821761
30,8.941879,70,2100,142.32920206634986
30,24.289915,71,2130,143.69681279313704
30,0.6358956,72,2160,151.4829007197986
30,29.587954,73,2190,166.661306836168
30,-14.631374,74,2220,149.06826646953456
30,-38.009933,75,2250,137.8050695710742
30,5.9208326,76,2280,142.65838729024264
30,6.9222326,77,2310,170.58707417329154
30,-21.228186,78,2340,136.64616724530563
30,-1.8684496,79,2370,138.53103015490305
30,16.17247,80,2400,133.30824582369243
30,-11.668679,81,2430,166.30029155289583
30,6.809841,82,2460,139.50879433756418
30,17.244137,83,2490,142.1524904820543
30,-14.408416,84,2520,135.76831072310645
30,6.0373306,85,2550,162.6163542820366
30,3.8563433,86,2580,145.1163949343264
30,-25.791258,87,2610,143.73784993722919
30,12.800167,88,2640,146.6334778352678
30,41.103485,89,2670,162.00061798331444
30,23.066229,90,2700,141.78232548077085
30,-1.063303,91,2730,136.42867288223985
30,-0.26406598,92,2760,139.41095330370706
30,-18.661621,93,2790,173.34246224336994
30,-1.1322782,94,2820,142.56560975747928
30,-11.311643,95,2850,144.57018705902223
30,-10.566252,96,2880,155.8338338759835
30,-13.931534,97,2910,174.0242720125025
30,6.776658,98,2940,142.79810433424728
30,-3.4626713,99,2970,142.5099042980916
30,8.935402,100,3000,141.15059346931358
30,-47.422314,101,3030,171.12088157177186
30,-9.108699,102,3060,136.85512701849945
30,2.0638247,103,3090,146.26649912295284
30,-7.267409,104,3120,148.14772254985877
30,-0.17104948,105,3150,169.38333427562978
30,2.154412,106,3180,149.32601670687725
30,-2.1275012,107,3210,147.98081163626784
30,21.079407,108,3240,153.21359949151676
30,-19.946342,109,3270,188.98908232339693
30,-27.48069,110,3300,143.374094718947
30,24.23359,111,3330,150.71034258905482
30,-5.3045316,112,3360,157.0649384368041
30,-0.9839575,113,3390,180.63817416782828
30,-3.040609,114,3420,142.90449193196685
30,-8.789364,115,3450,133.4748249211323
30,8.582218,116,3480,147.9301855870811
30,0.63170564,117,3510,163.55399347235237
30,3.846653,118,3540,158.11313404966216
30,-7.443936,119,3570,152.3539411551035
30,5.7144804,120,3600,127.22065957442506
30,-0.96297455,121,3630,163.18936739198665
30,-7.7211676,122,3660,132.04666947909254
30,-14.950158,123,3690,139.870277552681
30,-16.502369,124,3720,126.85090403197758
30,-22.968287,125,3750,171.624325186929
30,-39.32205,126,3780,147.69178763126914
30,-4.465147,127,3810,129.59275272462867
30,6.991418,128,3840,119.8411377130307
30,-7.7009807,129,3870,168.9269445932394
30,28.290178,130,3900,117.45504510424756
30,16.692644,131,3930,139.15656135019194
30,10.387255,132,3960,145.28344498403175
30,-18.118925,133,3990,176.20016635719747
30,-4.5164022,134,4020,155.46935194909494
30,-5.5847125,135,4050,144.16107474820615
30,8.236081,136,4080,147.04920216806474
30,9.403564,137,4110,179.55632168818084
30,-2.179749,138,4140,145.20129612363024
30,12.302305,139,4170,129.33965696946524
30,6.765897,140,4200,143.19755095537778
30,6.4874277,141,4230,161.52418900374963
30,-0.58900666,142,4260,138.87933318028502
30,-2.4830701,143,4290,143.65678312960026
30,0.22545993,144,4320,139.652481199002
30,-8.638906,145,4350,157.5684475210627
30,4.598215,146,4380,139.2005894189997
30,-4.3897414,147,4410,137.63308379893158
30,20.622206,148,4440,141.3035549047264
30,0.21632957,149,4470,175.99290596628936
30,-8.697462,150,4500,135.08573489816163
30,-1.5370355,151,4530,151.51774081290083
30,-2.189558,152,4560,141.7216433653466
30,-5.984779,153,4590,176.30311513516014
30,5.576283,154,4620,131.34988710490632
30,-18.109478,155,4650,142.24151496242436
30,-11.321034,156,4680,133.74096819657285
30,-15.121524,157,4710,154.93106055195884
30,-12.040824,158,4740,137.3972843563859
30,-4.9826465,159,4770,149.85776334860543
30,-5.19467,160,4800,149.31857423082536
30,-9.345032,161,4830,168.91175128198245
30,-12.387557,162,4860,127.77850893227073
30,-51.72504,163,4890,147.77573820856924
30,-19.335257,164,4920,127.42731336421397
30,-5.1394353,165,4950,159.03257770318092
30,-15.118378,166,4980,129.25568829674677
30,3.7188928,167,5010,129.4762057639592
30,-25.387877,168,5040,129.271490521086
30,-39.234047,169,5070,168.51881067717366
30,-21.827782,170,5100,143.5065429769918
30,-13.443577,171,5130,130.3200802867621
30,-8.56837,172,5160,137.41378952598845
30,-27.484098,173,5190,165.31774258180218
30,-8.698149,174,5220,126.51304954584484
30,-7.108924,175,5250,132.94710817150224
30,1.3560213,176,5280,127.29698149360273
30,-13.378609,177,5310,156.27413429510347
30,7.3882003,178,5340,144.40294936164108
30,-3.534118,179,5370,135.25678868491602
30,-11.765705,180,5400,136.85051290752003
30,-19.684147,181,5430,166.35943567227108
30,-4.5805326,182,5460,150.12720873352026
30,5.2336283,183,5490,149.98083359556026
30,1.565752,184,5520,135.90468568243898
30,-8.011073,185,5550,172.03401602362527
30,-22.003092,186,5580,132.1322234554976
30,-9.372519,187,5610,124.37246963562752
30,-8.036699,188,5640,137.84039410162117
30,-8.378366,189,5670,171.57050215708838
30,-5.3887105,190,5700,148.14562947910252
30,7.74182,191,5730,153.21359949151676
30,-20.497719,192,5760,149.5615461417772
30,-1.6997352,193,5790,163.41698831670104
30,-24.142696,194,5820,129.46807930502638
30,-10.518864,195,5850,135.50425964275215
30,2.0425107,196,5880,128.89290433606834
30,-0.69833124,197,5910,168.9875182311182
30,7.1199965,198,5940,152.6374450183535
30,-1.8119924,199,5970,142.8627937631774
30,-13.670312,200,6000,145.18370488145112
30,-6.528149,201,6030,171.57050215708838
30,-5.684768,202,6060,142.4029750580854
30,-8.262321,203,6090,147.12795064754056
30,-17.263926,204,6120,146.1491072797469
30,-9.826694,205,6150,178.005834071316
30,-13.499786,206,6180,132.75816701079438
30,-15.372438,207,6210,126.08772592587397
30,-27.792778,208,6240,149.36501322963295
30,-21.504824,209,6270,170.39118612486322
30,-35.94379,210,6300,124.56417084506833
30,-12.102756,211,6330,137.7649363176225
30,-6.460218,212,6360,139.09241646437715
30,-5.8123803,213,6390,174.32105333156005
30,-11.578611,214,6420,152.15405358017375
30,-13.367842,215,6450,142.04802098843896
30,-20.408438,216,6480,140.94900126354275
30,-7.9938264,217,6510,153.87837860974076
30,-41.355896,218,6540,145.1810246854466
30,-2.97056,219,6570,148.3774471306575
30,-11.567733,220,6600,136.80706622191101
30,-45.452255,221,6630,179.614503440863
30,-36.046883,222,6660,149.83777681719616
30,-5.176168,223,6690,148.3022497124215
30,-12.445141,224,6720,143.54517888799907
30,-12.875152,225,6750,165.75918051186392
30,-11.474165,226,6780,150.88908022131673
30,-3.646803,227,6810,134.96938148344003
30,-42.14544,228,6840,138.7941600815365
30,-11.846977,229,6870,174.6566597773296
30,-7.013197,230,6900,142.25132411212417
30,-23.25953,231,6930,143.51980126309257
30,3.2665458,232,6960,154.2552836757711
30,-8.620888,233,6990,159.3794506354703
30,-7.0541663,234,7020,141.45462189880803
30,13.403603,235,7050,135.315115545055
30,-2.3351533,236,7080,130.25573075394198
30,-12.560776,237,7110,158.9383656378484
30,-31.219429,238,7140,142.36334075910298
30,-21.008677,239,7170,147.57815551231664
30,0.12611884,240,7200,136.17236427309118
30,-14.540603,241,7230,176.1611907868579
30,-12.375797,242,7260,147.3082889149825
30,-3.2864966,243,7290,151.97561223060163
30,-43.527832,244,7320,143.82098088812333
30,-7.086012,245,7350,150.9328803995797
30,3.5281322,246,7380,139.33068097889816
30,-17.752563,247,7410,141.71829139457722
30,-46.51498,248,7440,134.19926218152384
30,-14.56586,249,7470,156.97108433434337
30,-28.22555,250,7500,128.5452818045297
30,-0.922456,251,7530,135.50615667261837
30,-40.72832,252,7560,129.29207904514516
30,-11.900715,253,7590,156.1135966055012
30,-3.9772656,254,7620,141.9930396630872
30,-2.1944633,255,7650,133.53261665481637
30,-8.792896,256,7680,137.37088433057016
30,-14.176568,257,7710,173.4894468925276
30,-21.215448,258,7740,134.6780035449151
30,-17.924986,259,7770,138.64489997399633
30,-8.958666,260,7800,154.3523546780143
30,-11.000947,261,7830,178.443813843071
30,-22.71571,262,7860,150.32701102461542
30,-27.172443,263,7890,138.06029578443
30,-15.4784975,264,7920,142.91715222265384
30,-4.5592465,265,7950,167.29169824264713
30,-11.526154,266,7980,148.57577382034756
30,-20.657331,267,8010,145.1721472429444
30,-1.7832518,268,8040,155.100644172006
30,-10.773549,269,8070,185.94877690867418
30,-12.324758,270,8100,160.88376089358047
30,-9.449922,271,8130,138.15958680299357
30,-7.1912827,272,8160,144.8042717731541
30,-17.613386,273,8190,163.1187094566215
30,-15.4910755,274,8220,148.60665669886126
30,-3.353933,275,8250,149.4219492557944
30,-8.236204,276,8280,144.00433973039196
30,-1.990263,277,8310,159.0384068494553
30,11.296882,278,8340,141.32434517839474
30,-5.8314376,279,8370,141.65048795067472
30,-10.432702,280,8400,149.9847665999957
30,-17.128304,281,8430,177.62639894295813
30,-7.2580347,282,8460,138.26160337552741
30,-5.060381,283,8490,142.17288877489568
30,-4.337316,284,8520,136.65358730393174
30,-4.9791665,285,8550,174.42399341279017
30,-8.139618,286,8580,142.64868363921636
30,-8.41699,287,8610,139.17179868337226
30,-19.004293,288,8640,142.94004382631692
30,-7.8521614,289,8670,164.76746058870438
30,-20.701498,290,8700,136.21629345761005
30,-27.181244,291,8730,144.04687194128644
30,24.047907,292,8760,135.17774230213075
30,2.703672,293,8790,173.44138059367182
30,6.702565,294,8820,142.69721509972317
30,-4.105282,295,8850,139.6912405663624
30,-11.131533,296,8880,147.4278965572188
30,-1.7527475,297,8910,174.63750978465433
30,36.225246,298,8940,144.5838087523053
30,-16.444712,299,8970,154.88433753032655
30,-11.308003,300,9000,123.72821491081437
30,54.409557,301,9030,158.77391309834007
30,3.3463397,302,9060,149.9154329504107
30,-2.8757782,303,9090,145.3907135552975
30,-7.449712,304,9120,138.57481583616274
30,-14.335138,305,9150,159.36229307010444
30,11.300691,306,9180,147.15496462899918
30,-8.464653,307,9210,134.85727514163167
30,-13.245855,308,9240,139.9366983026871
30,-2.1450794,309,9270,152.46710538273354
30,-2.5203388,310,9300,139.04430818259874
30,-1.6414385,311,9330,159.88533613893844
30,-4.407337,312,9360,142.84787270636343
30,-3.1350338,313,9390,166.024694746231
30,-23.42913,314,9420,157.20151118396066
30,-2.7462435,315,9450,154.38417057343267
30,-4.6223288,316,9480,148.20233771006176
30,3.629285,317,9510,167.24700440616465
30,11.303338,318,9540,150.95080598433017
30,17.592812,319,9570,150.88835646499314
30,-13.024751,320,9600,145.5765835599005
30,-6.691636,321,9630,182.07183951288968
30,-38.390926,322,9660,142.48150320565807
30,2.2603338,323,9690,156.8998380240682
30,-5.2977996,324,9720,143.0869842583885
30,-6.244668,325,9750,171.4907657648449
30,-9.818484,326,9780,146.54723540544475
30,-0.9312544,327,9810,156.82240171891416
30,-9.811998,328,9840,153.21136083031567
30,4.453103,329,9870,193.9209823877892
30,-2.0413141,330,9900,139.74771268833254
30,-1.4864395,331,9930,147.33312647460028
30,-34.115578,332,9960,150.19315287270436
30,5.355921,333,9990,180.89344707719113
30,-4.560429,334,10020,139.52998812384467
30,7.2561736,335,10050,137.3857330966216
30,4.809704,336,10080,150.41182742742933
30,-9.558873,337,10110,179.88591753467506
30,-0.5312636,338,10140,160.47974635273653
30,-9.732391,339,10170,162.05590794057608
30,1.3756608,340,10200,151.7384624660838
30,-18.99097,341,10230,170.70718554344361
30,23.73047,342,10260,150.64628823051927
30,-8.399996,343,10290,165.11512737035622
30,5.8147826,344,10320,152.6678168701362
30,7.5870843,345,10350,179.80468984438633
30,13.505009,346,10380,120.71027987175822
30,-8.98797,347,10410,143.87475502358862
30,21.087795,348,10440,128.6876589686711
30,8.847298,349,10470,132.22386267032493
30,-10.38622,350,10500,121.86816103019655
30,-18.14427,351,10530,126.06751366834685
30,-19.670261,352,10560,126.18939071047842
30,0.7528798,353,10590,125.01700950624742
30,17.346443,354,10620,104.53328548179273
30,-2.7032788,355,10650,118.93313874905245
30,-11.545881,356,10680,139.2306245338845
30,1.5887284,357,10710,184.9914068001688
30,3.015905,358,10740,156.37667867182665
30,-21.689344,359,10770,151.19676143716632
30,2.8555913,360,10800,142.67488652714675
30,-27.871357,361,10830,160.07266482205895
30,10.000719,362,10860,136.9129041559445
30,4.085925,363,10890,139.55304561152897
30,-3.0655575,364,10920,151.63222391065167
30,-26.968067,365,10950,162.3492617269551
30,6.627835,366,10980,140.99938481122445
30,15.234207,367,11010,149.8374199632995
30,0.2731176,368,11040,132.72287906132425
30,-7.1176004,369,11070,156.76769488953425
30,-0.7036904,370,11100,149.27251826622964
30,-4.51511,371,11130,142.5534961707527
30,-3.5391092,372,11160,139.933430233528
30,-15.396135,373,11190,170.76556653769475
30,4.0765185,374,11220,161.2499231100449
30,3.2571852,375,11250,146.06190755886976
30,2.2847252,376,11280,151.04920087295358
30,-9.3375225,377,11310,159.7655621100426
30,27.197968,378,11340,165.4377234305789
30,-2.1286612,379,11370,147.41200672924174
30,-26.638893,380,11400,151.265103474806
30,4.395015,381,11430,185.0466333130388
30,-1.3904049,382,11460,143.56548745062514
30,-15.257492,383,11490,149.34444888866207
30,-3.8052964,384,11520,144.719334767157
30,-3.371433,385,11550,179.14347096283706
30,3.854369,386,11580,135.06543468553568
30,-18.479618,387,11610,148.11703010505872
30,-8.877458,388,11640,138.22196297870798
30,-16.103083,389,11670,153.45201770753303
30,-1.8753378,390,11700,144.46926720055112
30,-0.8695663,391,11730,145.2561075985533
30,1.776166,392,11760,146.6823651195919
30,5.259314,393,11790,178.12073734545444
30,-6.539643,394,11820,144.78111239340973
30,-9.290071,395,11850,159.38914124588635
30,1.8748109,396,11880,144.65877397296495
30,3.1638663,397,11910,168.16117284651827
30,-6.5656886,398,11940,135.01123402611617
30,-2.7971177,399,11970,137.78137907171296
30,-18.101345,400,12000,134.61359967392107
30,5.67156,401,12030,163.67504624245876
30,-1.4916091,402,12060,132.74794277756678
30,-3.4354472,403,12090,153.0879626250091
30,43.012268,404,12120,148.12034288162766
30,-0.37367538,405,12150,176.02343451639032
30,-7.414695,406,12180,160.79063081022025
30,4.683158,407,12210,147.64586335240475
30,-3.5394804,408,12240,153.17275421949276
30,-1.5246226,409,12270,194.4796631860081
30,12.445325,410,12300,151.92129931470132
30,0.13213742,411,12330,149.9097175725488
30,-0.28808546,412,12360,155.30931245247993
30,-16.944025,413,12390,166.14811753381284
30,-2.5128868,414,12420,142.5712634691866
30,-13.999955,415,12450,141.18369380326823
30,-12.348463,416,12480,123.93099291255136
30,-6.114405,417,12510,150.00926313380043
30,-5.2926226,418,12540,133.39247323226968
30,-1.1489825,419,12570,145.76343597739682
30,-19.499905,420,12600,146.61810046492118
30,2.376161,421,12630,163.10137165285335
30,-0.04209447,422,12660,145.18856298894607
30,-3.7391899,423,12690,153.30786916044988
30,-8.483782,424,12720,135.61759085515234
30,-21.31002,425,12750,163.6954875773731
30,-45.059654,426,12780,141.60824333875027
30,4.482131,427,12810,146.50236119261183
30,-25.761751,428,12840,160.2153366226325
30,3.8177235,429,12870,175.0714732931699
30,-0.92344475,430,12900,131.76996905483733
30,19.37792,431,12930,135.58471113563093
30,2.4229655,432,12960,150.07402972400163
30,-2.937717,433,12990,184.79280972801504
30,7.2391515,434,13020,142.63235214103054
30,6.694037,435,13050,142.971227165973
30,-22.057045,436,13080,141.8980848191782
30,-11.172294,437,13110,167.5556780639414
30,-5.3788013,438,13140,155.00110249508805
30,15.997278,439,13170,142.99884877336973
30,-6.493002,440,13200,142.7848170212766
30,-4.38481,441,13230,153.63938509627712
30,-13.878974,442,13260,128.43152805293664
30,-4.3616524,443,13290,138.5455206091069
30,4.9330015,444,13320,140.91301251125475
30,-17.556564,445,13350,160.14926835849352
30,-2.8210607,446,13380,144.17841903356356
30,46.436222,447,13410,149.39143608167376
30,8.402706,448,13440,154.18459148088334
30,-15.376449,449,13470,169.93302838899444
30,44.350636,450,13500,159.62287990460362
30,31.325605,451,13530,146.60938805328448
30,-21.339108,452,13560,155.56699577915094
30,1.5544407,453,13590,167.91992953799343
30,-39.452557,454,13620,150.4370032423747
30,-11.423885,455,13650,149.6795006762568
30,-9.232983,456,13680,146.84138848530466
30,-7.713198,457,13710,186.32490326822355
30,-8.420165,458,13740,140.5241521642747
30,-18.41838,459,13770,153.19979545620572
30,-12.097128,460,13800,140.03761666173273
30,0.2190876,461,13830,171.20306951304136
30,22.599207,462,13860,149.5000629703469
30,-0.09435979,463,13890,147.41235212386331
30,-9.13133,464,13920,154.39326323848974
30,-3.2664897,465,13950,179.24708007413244
30,0.4976583,466,13980,137.19908235273593
30,1.3177359,467,14010,161.04643156086735
30,6.1856794,468,14040,157.6948296086865
30,-9.550277,469,14070,186.6341541555795
30,10.614155,470,14100,160.958672104054
30,-7.4044023,471,14130,153.37495520488736
30,-6.2837667,472,14160,150.85597547539206
30,-12.583964,473,14190,167.77820001520055
30,-9.27432,474,14220,148.31605933626832
30,-53.095726,475,14250,132.5570532370463
30,-16.274097,476,14280,146.62220078164873
30,-7.2118344,477,14310,177.9393788552859
30,23.896833,478,14340,143.60792468377616
30,-2.880083,479,14370,150.64719002654272
30,-3.7487364,480,14400,154.13963926441693
30,1.9910455,481,14430,155.34785297963043
30,-1.5496981,482,14460,146.49366253016802
30,3.2089386,483,14490,132.22525212084147
30,12.150558,484,14520,147.8964541274483
30,-6.440965,485,14550,155.06604802484426
30,2.6246305,486,14580,132.15498254970683
30,16.676565,487,14610,146.02156627009362
30,-3.3640673,488,14640,146.83213549306325
30,-4.365823,489,14670,170.45050561150885
30,-6.9380074,490,14700,138.01274732072642
30,21.296648,491,14730,149.5336414423686
30,-0.08756614,492,14760,143.7114193300806
30,-15.79259,493,14790,167.54586138988273
30,7.098022,494,14820,142.73590213623245
30,-8.617919,495,14850,148.5743703581254
30,-31.847317,496,14880,141.41837451461902
30,-9.864794,497,14910,161.46283813696016
30,-2.7389388,498,14940,149.4297569537635
30,-4.8451586,499,14970,153.2285255715514
30,-5.75908,500,15000,154.69297231907078
30,11.677027,501,15030,167.84780341007013
30,-5.7349367,502,15060,141.8966446616131
30,3.2962308,503,15090,148.50230314131244
30,-11.991148,504,15120,148.55454928614688
30,-27.605036,505,15150,174.08566685113448
30,9.262481,506,15180,139.3490428338232
30,-13.6611185,507,15210,149.34161287221428
30,-10.223175,508,15240,152.46673589494105
30,5.755789,509,15270,180.04962381485223
30,-4.5150347,510,15300,135.53330461008187
30,-7.5427394,511,15330,152.62059755693747
30,12.328255,512,15360,152.96067219045395
30,-18.331589,513,15390,172.99523204593075
30,12.744163,514,15420,147.96149658168102
30,-6.4422674,515,15450,148.74807458379684
30,-1.5502174,516,15480,136.88400949045896
30,-7.6080146,517,15510,164.2448378620741
30,12.414378,518,15540,141.6099963874174
30,12.7994795,519,15570,155.97910016672762
30,-26.632473,520,15600,153.4220813265866
30,0.17400211,521,15630,168.27699097291875
30,20.408138,522,15660,151.3020265931735
30,13.289784,523,15690,136.93704203908442
30,-0.82658863,524,15720,146.63740812518864
30,-2.4085977,525,15750,180.73988528977046
30,7.137192,526,15780,145.92013359387232
30,0.61123204,527,15810,151.63916784065424
30,-9.329032,528,15840,139.33453810991816
30,11.88924,529,15870,162.63674222742677
30,-6.165567,530,15900,147.15530882014136
30,-10.725227,531,15930,144.75862656085704
30,15.966791,532,15960,135.42288332327044
30,-0.3550096,533,15990,165.43293825310116
30,-7.2364197,534,16020,153.94973199614847
30,1.7373155,535,16050,151.77342022702848
30,-10.376308,536,16080,137.26104324794866
30,14.11032,537,16110,185.10652195020052
30,2.85988,538,16140,136.88609426418995
30,-0.39294124,539,16170,134.23891985081377
30,-1.094424,540,16200,146.82048523558768
30,-14.311926,541,16230,174.94173897447803
30,0.07057428,542,16260,148.3310955217441
30,-3.9375348,543,16290,150.95931760104617
30,-5.863063,544,16320,154.7645122725193
30,-2.8095326,545,16350,188.44395988180798
30,-6.869647,546,16380,164.72432080033826
30,10.698029,547,16410,152.93427292814724
30,-8.663751,548,16440,143.2164572032133
30,-24.239754,549,16470,152.61245286543013
30,1.1167858,550,16500,132.98054790524844
30,-1.1645927,551,16530,150.2519780190912
30,-28.663982,552,16560,158.91668655822923
30,4.1736493,553,16590,167.11661721619993
30,23.439491,554,16620,151.54821622780446
30,-2.3577666,555,16650,158.49212887038144
30,-7.101955,556,16680,151.95322179794658
30,19.303032,557,16710,160.36112410327516
30,-20.61208,558,16740,148.98460532952552
30,-8.510557,559,16770,133.51943913591106
30,-10.42296,560,16800,159.48085658663206
30,-10.252827,561,16830,189.84649830867508
30,-10.399187,562,16860,126.20736346831454
30,23.137674,563,16890,136.82372744235812
30,-19.982681,564,16920,148.6050771492852
30,-1.1595709,565,16950,189.6393466341531
30,2.511114,566,16980,157.6083149833535
30,-1.6418052,567,17010,142.8164189522788
30,-22.97513,568,17040,145.56917331679767
30,11.18866,569,17070,160.01546373398307
30,13.863697,570,17100,143.92017367076215
30,-8.921234,571,17130,149.978152119888
30,-2.545969,572,17160,142.14092869520425
30,-5.746136,573,17190,178.1863187975632
30,-4.587905,574,17220,158.96748111276753
30,-19.254467,575,17250,143.46285707770627
30,-1.1748234,576,17280,150.84946477616987
30,1.3027071,577,17310,161.115924121462
30,-4.43795,578,17340,134.04072275757454
30,5.5391326,579,17370,129.74950117809618
30,-18.083218,580,17400,146.43672034382553
30,-5.7975388,581,17430,171.51273848452178
30,-3.964274,582,17460,139.7613721434966
30,-9.316658,583,17490,154.1564460583429
30,3.293792,584,17520,147.01569946570174
30,-10.275753,585,17550,154.3317192352413
30,-0.48520893,586,17580,159.10396390769048
30,-2.151385,587,17610,144.86945769420737
30,-6.859178,588,17640,138.63527638556369
30,-6.7934036,589,17670,179.110830850608
30,-8.501435,590,17700,157.3818127239639
30,3.8093464,591,17730,146.93724265658975
30,-21.90619,592,17760,153.78791712040714
30,-6.833808,593,17790,177.0856865408026
30,-3.923945,594,17820,134.11158315232103
30,-10.994656,595,17850,151.30348206061802
30,0.94106656,596,17880,138.36574865707422
30,-11.106054,597,17910,181.99889205971306
30,-18.850864,598,17940,144.0513244388679
30,0.78415495,599,17970,133.27294719248928
30,-28.429893,600,18000,142.65887250744873
30,-3.6007044,601,18030,160.2518606819189
30,0.45296884,602,18060,138.44217086059635
30,-37.879955,603,18090,132.98841852275393
30,-12.731422,604,18120,140.4951251211462
30,-16.80249,605,18150,174.65835681468013
30,19.001717,606,18180,159.30499339758921
30,-11.340183,607,18210,141.33132954365487
30,-0.64189523,608,18240,141.72547438324827
30,-12.75256,609,18270,164.86071969026983
30,-13.9293,610,18300,153.1028642347845
30,4.202672,611,18330,147.37747543886772
30,-12.618729,612,18360,138.21634529832662
30,-10.999251,613,18390,159.13535389304482
30,6.2061872,614,18420,139.34410471644833
30,-6.004553,615,18450,150.14996008462774
30,-8.376724,616,18480,142.6522414913119
30,-34.294853,617,18510,177.92554026365912
30,-2.3845382,618,18540,147.70548379372033
30,0.3833046,619,18570,137.17545018674656
30,-12.525502,620,18600,138.31266817918006
30,1.9735072,621,18630,164.4939061137569
30,-0.24836096,622,18660,142.64043657370357
30,-0.45839262,623,18690,164.60903282523037
30,-20.259403,624,18720,156.72200487992617
30,-1.3571783,625,18750,171.39172470343698
30,-0.65554965,626,18780,140.79932682613517
30,-1.1422986,627,18810,148.43310731424202
30,-7.8564644,628,18840,137.8225786135278
30,-13.773619,629,18870,171.13717319072484
30,-3.5576158,630,18900,141.7213241232037
30,13.14991,631,18930,144.18734057693675
30,-5.3199387,632,18960,133.80425501144728
30,-6.573629,633,18990,170.313925016953
30,11.757084,634,19020,138.68203204819463
30,-14.428503,635,19050,151.6280213145927
30,-14.931081,636,19080,149.94080019828598
30,-28.775017,637,19110,174.23439765267253
30,13.160479,638,19140,150.7970379673716
30,-17.582476,639,19170,152.78144802808197
30,-12.272692,640,19200,143.00811252520248
30,-0.34135318,641,19230,176.9581769369131
30,28.332474,642,19260,145.7077348501341
30,-15.352012,643,19290,143.604810674969
30,5.3663874,644,19320,155.86954582841966
30,0.8410318,645,19350,174.88144031154494
30,-8.227966,646,19380,145.42364771704194
30,-0.03940796,647,19410,149.35526218957793
30,-3.245522,648,19440,155.34785297963043
30,1.32982,649,19470,170.93003542785107
30,0.8248053,650,19500,149.71191290639223
30,4.5878677,651,19530,156.19110984223136
30,-4.4928446,652,19560,155.0549652316106
30,-13.828295,653,19590,172.85786898262754
30,10.505295,654,19620,141.37833322284854
30,-4.7652645,655,19650,135.9838499811958
30,-9.574624,656,19680,139.4552970774363
30,2.7970295,657,19710,184.90170002600956
30,-7.7700443,658,19740,167.98000726231925
30,-34.358875,659,19770,146.10939644541673
30,-15.962733,660,19800,136.10843752738035
30,-15.053669,661,19830,166.18256833964188
30,1.8343197,662,19860,154.7989739867504
30,4.6138654,663,19890,156.19266089210305
30,9.846692,664,19920,149.71992908392133
30,-9.810338,665,19950,153.98552773117265
30,-26.214985,666,19980,142.0796184385247
30,18.368248,667,20010,138.45131063682766
30,4.702735,668,20040,159.02373429719688
30,-17.330854,669,20070,174.24839189890946
30,-1.7478356,670,20100,142.7760681898641
30,-79.10539,671,20130,154.78412120064016
30,-0.7067118,672,20160,136.60507471371685
30,1.0323868,673,20190,159.53545102076524
30,1.5470858,674,20220,151.35334872979215
30,18.6821,675,20250,142.16919416179132
30,7.5678654,676,20280,151.5179232639378
30,16.651308,677,20310,166.53557782280637
30,17.96878,678,20340,136.8234298849775
30,-13.380281,679,20370,154.0864104705528
30,-2.549329,680,20400,153.9832664554476
30,0.0617795,681,20430,172.7223835114378
30,-3.511055,682,20460,152.42721104587142
30,-11.455287,683,20490,159.23443426012986
30,-1.969611,684,20520,146.75935170238773
30,-38.020138,685,20550,183.15951277453013
30,-4.8794713,686,20580,149.2654352547898
30,-3.6018696,687,20610,148.1222608726361
30,-6.6059537,688,20640,138.2827238249513
30,0.40136874,689,20670,168.5560580405941
30,-15.864214,690,20700,150.02392912115621
30,1.3030673,691,20730,144.0134045679911
30,6.7464027,692,20760,164.62626188619606
30,1.5974066,693,20790,163.59652236320164
30,-35.695362,694,20820,146.62800995627813
30,-18.754862,695,20850,156.03345138537543
30,-3.0898092,696,20880,144.7771144015289
30,-24.26918,697,20910,185.00963062509373
30,-8.392905,698,20940,145.85552053617897
30,3.8792386,699,20970,150.72803479598326
30,-8.865233,700,21000,149.14830895713985
30,-17.43643,701,21030,178.30094996259098
30,18.707418,702,21060,151.0783997079987
30,-7.157822,703,21090,144.90515975609054
30,-22.796299,704,21120,159.47843103457018
30,2.151811,705,21150,174.62321063039934
30,2.0384173,706,21180,148.13638579067452
30,-6.9850826,707,21210,157.32671497071124
30,-9.191079,708,21240,145.10802741422674
30,5.8376627,709,21270,173.95979389567316
30,-21.597965,710,21300,140.91222349016363
30,-54.659767,711,21330,152.1512938331318
30,3.293878,712,21360,157.1039630229396
30,-5.3615346,713,21390,179.52096970250358
30,1.3170338,714,21420,136.8622720623025
30,-12.619429,715,21450,142.8428456609891
30,-20.53107,716,21480,147.60689345319022
30,-5.558202,717,21510,165.267367774017
30,6.160918,718,21540,122.94207133875209
30,-3.7501202,719,21570,134.05057586859692
30,1.2607851,720,21600,140.51301063765638
30,-12.411709,721,21630,140.432561653819
30,-13.132047,722,21660,117.43629995137508
30,-13.716158,723,21690,114.22738698599359
30,12.632952,724,21720,122.3716319119595
30,-63.453957,725,21750,155.29206169764797
30,-10.66448,726,21780,123.60982912783878
30,-0.14709818,727,21810,125.01700950624742
30,-2.2118073,728,21840,119.16651987385289
30,-12.313178,729,21870,148.10639535020587
30,5.763019,730,21900,148.60542815740027
30,1.3981832,731,21930,140.53388282990736
30,-6.992215,732,21960,151.20511911557065
30,-24.738258,733,21990,166.460671853358
30,-4.90588,734,22020,140.6795328463236
30,-29.704412,735,22050,147.5646560064735
30,-1.2927961,736,22080,142.55333467016962
30,-12.408871,737,22110,160.68591131117708
30,-10.638054,738,22140,142.66744522237025
30,3.6493087,739,22170,151.43422439813412
30,4.6429453,740,22200,141.58243073855618
30,-50.025364,741,22230,161.44150062226555
30,-13.821808,742,22260,142.84300781822043
30,-17.839643,743,22290,139.40292190922295
30,-0.8972469,744,22320,134.77407538318178
30,-21.700848,745,22350,155.78290028363753
30,8.528234,746,22380,154.5723035647819
30,11.583565,747,22410,153.83680201090792
30,-9.008059,748,22440,144.6760718843779
30,-4.323822,749,22470,167.58714379325224
30,-3.1008062,750,22500,145.93468788454112
30,-13.452845,751,22530,176.41533532887956
30,-0.27068418,752,22560,164.44403205001706
30,-0.8785145,753,22590,165.79783932926708
30,-2.3628066,754,22620,150.26669150628393
30,-5.4443884,755,22650,146.44336699897815
30,-16.442738,756,22680,150.61869849116906
30,-10.293711,757,22710,163.90146304864325
30,-27.056053,758,22740,138.25036202664603
30,-3.8917968,759,22770,134.62929874153946
30,-15.187859,760,22800,152.9632754282102
30,-9.45161,761,22830,173.21050805834383
30,1.6636372,762,22860,136.49512180834793
30,-37.172974,763,22890,136.4548599438257
30,-6.3639336,764,22920,149.95634634521306
30,-17.216726,765,22950,161.66302216763324
30,-15.195485,766,22980,148.95515214650575
30,-13.08504,767,23010,147.88689388338915
30,-19.056723,768,23040,143.99099177450142
30,6.45428,769,23070,178.9651155679263
30,-10.354894,770,23100,146.9865044348579
30,-0.412601,771,23130,149.32991544281265
30,12.937717,772,23160,137.77096989995852
30,-4.7942915,773,23190,177.3472566162138
30,-39.75937,774,23220,149.7291932915902
30,-6.681307,775,23250,152.85587253458505
30,24.575432,776,23280,149.09087462202717
30,-12.219163,777,23310,174.1186694212932
30,-12.444747,778,23340,144.3247725805101
30,2.6192892,779,23370,147.16425835501886
30,-1.3479434,780,23400,141.67951583391977
30,-31.375877,781,23430,154.0675438403162
30,-28.156864,782,23460,149.11490329920363
30,-14.039883,783,23490,144.56786166058313
30,-6.61923,784,23520,164.45477821386982
30,-3.3825045,785,23550,184.6696821422596
30,-10.633759,786,23580,165.71748415314653
30,-0.7933482,787,23610,142.55947194958776
30,6.5790224,788,23640,155.28458756060928
30,-6.0532513,789,23670,176.4066789104011
30,-29.585543,790,23700,145.43642212110038
30,5.9379983,791,23730,150.4625473225539
30,3.1581903,792,23760,146.27160000139494
30,-6.9967675,793,23790,182.76630790012638
30,-23.622185,794,23820,142.68168143991238
30,-13.907725,795,23850,145.6015144607395
30,0.045484543,796,23880,129.6710127662381
30,-25.510674,797,23910,150.4069730609103
30,3.1222003,798,23940,130.33776392986178
30,5.0724945,799,23970,109.96741942249878
30,-30.705763,800,24000,112.16456027940161
30,-7.1297293,801,24030,150.6922935975387
30,-4.761385,802,24060,147.8794203716109
30,-4.7855515,803,24090,133.68853530186112
30,-18.143612,804,24120,155.71754572680246
30,38.09353,805,24150,165.56376019073585
30,16.705725,806,24180,155.7038648436949
30,-10.709145,807,24210,147.16064398874445
30,3.5513592,808,24240,145.01537982816544
30,-11.078582,809,24270,178.77670018782837
30,-15.267369,810,24300,156.32403018914806
30,-13.226743,811,24330,159.27293163987838
30,17.720371,812,24360,140.8795657703814
30,11.707611,813,24390,173.10566081343583
30,-4.423789,814,24420,142.13852022632975
30,-4.6482134,815,24450,131.94337604597027
30,6.870788,816,24480,116.93775760082154
30,-1.0423524,817,24510,164.86763197167764
30,5.488391,818,24540,145.23062433561978
30,-0.017912671,819,24570,150.38899665467898
30,-18.137827,820,24600,157.3302558088067
30,4.6022367,821,24630,173.22958484082537
30,-8.822741,822,24660,150.13885226438845
30,-6.525198,823,24690,150.87641548799263
30,-4.443134,824,24720,136.83548199420378
30,-2.6335542,825,24750,169.59130944599065
30,-4.5289264,826,24780,157.62213514786495
30,-5.0194535,827,24810,153.9508621333043
30,11.334177,828,24840,152.9043523909168
30,6.395785,829,24870,179.58527969857207
30,-8.847058,830,24900,136.69456053309403
30,-8.401514,831,24930,145.77204813303197
30,-10.184016,832,24960,151.560263783914
30,3.1355014,833,24990,187.03446553669292
30,-5.3981113,834,25020,148.52912291304676
30,6.8549895,835,25050,137.91457413110908
30,6.1107054,836,25080,140.4761463516472
30,-5.0890646,837,25110,157.51913452125515
30,-3.1478581,838,25140,140.64698288147812
30,0.32794833,839,25170,134.36836389381588
30,-1.6591258,840,25200,145.91336514544474
30,-16.064577,841,25230,175.67765445026177
30,-14.154607,842,25260,145.8323617289073
30,6.669784,843,25290,120.75858766263367
30,-13.629896,844,25320,140.95389589076697
30,-8.946553,845,25350,150.29235728814936
30,16.808224,846,25380,120.30495698515563
30,-5.2675285,847,25410,127.53011669649788
30,-14.106454,848,25440,129.3589373227252
30,-1.7133303,849,25470,162.82446719031043
30,-0.8320339,850,25500,144.26057197888184
30,-7.474558,851,25530,136.65240004039978
30,5.7290125,852,25560,137.47249001424663
30,-7.0163937,853,25590,173.20216328716137
30,18.6613,854,25620,138.64933032885784
30,-15.939059,855,25650,141.36308536107214
30,-6.2421227,856,25680,138.8496026377526
30,-28.38267,857,25710,171.16254774574776
30,-12.217778,858,25740,122.85552487590363
30,2.1570125,859,25770,134.61691201643274
30,0.0040073693,860,25800,136.47306365352975
30,-15.234046,861,25830,158.03866404083436
30,-4.64332,862,25860,148.48022354200322
30,1.4253114,863,25890,143.29768043585213
30,-11.732545,864,25920,152.96253163695243
30,-5.7208133,865,25950,170.83604756777893
30,-53.64928,866,25980,151.15934490351705
30,-28.707092,867,26010,147.1453279306776
30,3.2875512,868,26040,142.57756384761555
30,-4.7508006,869,26070,177.38275781861242
30,-3.9604924,870,26100,152.9735032915732
30,-19.62967,871,26130,141.81348516712762
30,-10.600567,872,26160,138.1706616711267
30,-13.55702,873,26190,152.3886294494933
30,-23.79398,874,26220,125.50156092598318
30,-9.399748,875,26250,117.05851105891108
30,-12.938122,876,26280,141.02672387126276
30,-8.864686,877,26310,168.13690499256387
30,-16.8972,878,26340,148.04941211629895
30,12.5673485,879,26370,131.94102405741148
30,-9.085053,880,26400,147.5406053158608
30,-37.74113,881,26430,163.83317361776594
30,-3.1619892,882,26460,141.19525882238088
30,10.710461,883,26490,142.08186447759172
30,-13.052711,884,26520,149.69997929907132
30,-10.890401,885,26550,184.09958389662376
30,-32.254555,886,26580,150.27602350355897
30,-9.191568,887,26610,141.0363661837644
30,-5.538499,888,26640,154.1094340177246
30,2.722228,889,26670,165.76049068504628
30,-34.00963,890,26700,125.70316542824091
30,-12.9896555,891,26730,133.66325716574127
30,-10.818428,892,26760,132.98729409178438
30,-11.388399,893,26790,172.0928375070093
30,-62.70056,894,26820,143.7731606321813
30,1.7259544,895,26850,122.55649394225983
30,-4.6823845,896,26880,116.38419354152465
30,-5.6601553,897,26910,143.66957707207962
30,4.3882008,898,26940,139.76401120963416
30,6.246346,899,26970,133.87244419194016
30,-10.023815,900,27000,141.0126579441347
30,5.4146757,901,27030,165.76092741404295
30,-5.348413,902,27060,134.04457815025071
30,-2.213096,903,27090,139.76075120124221
30,9.763089,904,27120,141.3289484324878
30,-22.52814,905,27150,159.37884501144399
30,5.0971956,906,27180,123.35111936311439
30,-3.165087,907,27210,147.80646298058286
30,8.924915,908,27240,153.30319961597786
30,-7.7548413,909,27270,176.15083309301355
30,-46.53419,910,27300,141.38611725365408
30,-3.8892322,911,27330,126.1871128391246
30,-8.761989,912,27360,131.02382144898803
30,-5.7057576,913,27390,144.51190856281826
30,6.5199504,914,27420,130.51527079800226
30,-11.547012,915,27450,139.72614239662602
30,7.709058,916,27480,129.54765591539552
30,-10.243579,917,27510,164.9344085232218
30,-22.766447,918,27540,138.4558809775056
30,15.270828,919,27570,143.31008405275506
30,8.0533285,920,27600,130.45532679894416
30,8.468205,921,27630,169.62834645244698
30,-3.183152,922,27660,137.20805872628856
30,1.1497041,923,27690,148.88130587672924
30,-6.4551544,924,27720,138.453138736891
30,0.21428871,925,27750,172.62594112869593
30,12.130993,926,27780,135.30100194194802
30,-6.2754245,927,27810,151.357900244787
30,-5.7570105,928,27840,149.38380973524346
30,-15.345425,929,27870,166.60966880419684
30,-6.580292,930,27900,126.28640306550018
30,10.201629,931,27930,134.92726551358075
30,-13.64954,932,27960,139.84074291817208
30,27.278118,933,27990,161.91223248201106
30,0.09835765,934,28020,131.7240339681423
30,5.6068993,935,28050,134.2940786601876
30,-45.04017,936,28080,147.36418520492114
30,-8.017184,937,28110,161.95203570872368
30,-1.048729,938,28140,139.62350325065495
30,0.12661663,939,28170,133.01512934789042
30,-0.524808,940,28200,140.1781789297901
30,4.529748,941,28230,175.4114453875933
30,-0.34725294,942,28260,145.4219670414634
30,-12.8168955,943,28290,141.53704251540182
30,14.692564,944,28320,137.64211705404648
30,-17.113865,945,28350,148.37027385549627
30,-2.2608535,946,28380,125.53624394288126
30,-8.017475,947,28410,127.89526805543557
30,-7.948411,948,28440,124.32036801378472
30,3.2923048,949,28470,137.1164053739807
30,-2.101755,950,28500,126.08229324483563
30,-1.70955,951,28530,143.70928560578633
30,4.3803673,952,28560,147.0163865472581
30,-19.973745,953,28590,173.9725413745904
30,2.8346057,954,28620,145.39760161032754
30,2.7359521,955,28650,145.2271043246425
30,1.9956992,956,28680,155.2200333066058
30,-15.57658,957,28710,176.14590128593147
30,2.295815,958,28740,145.45575607929086
30,-5.5000715,959,28770,145.82543242068667
30,2.7704005,960,28800,165.84351053482038
30,2.8690414,961,28830,162.63674222742677
30,-4.6047583,962,28860,146.86932588807366
30,1.2508646,963,28890,158.71643508007145
30,9.098369,964,28920,146.29404809379255
30,-10.519378,965,28950,187.55663406301517
30,0.77989745,966,28980,149.52049251916995
30,-15.641077,967,29010,155.99147576183208
30,-11.00021,968,29040,154.62567863489014
30,2.3910835,969,29070,170.51240807266646
30,6.489917,970,29100,138.69594259449093
30,-4.587644,971,29130,140.20129494623333
30,8.803124,972,29160,158.8573001266272
30,-6.9370584,973,29190,178.4951996186931
30,-0.1454556,974,29220,154.5618607987697
30,8.038464,975,29250,151.2400133175798
30,-18.115356,976,29280,147.04267223850457
30,-9.715336,977,29310,185.35465547921797
30,-8.692694,978,29340,159.15870319470673
30,-14.900175,979,29370,139.17995741503748
30,8.254954,980,29400,145.16092636922102
30,23.397434,981,29430,191.18608220010637
30,-13.451166,982,29460,147.51811895790493
30,3.9923415,983,29490,143.40840967475023
30,-4.3954372,984,29520,160.54158123654756
30,14.89897,985,29550,161.09509068143583
30,5.296154,986,29580,154.42585408538582
30,-12.042436,987,29610,152.08839875166498
30,-25.934456,988,29640,138.20404872707064
30,-31.753424,989,29670,178.6226525713296
30,-6.0544395,990,29700,149.49864199203017
30,-0.49254775,991,29730,150.16286155157044
30,8.326397,992,29760,148.87549293241693
30,-26.287477,993,29790,162.70572079539252
30,-15.345587,994,29820,146.04885352647247
30,-7.9519825,995,29850,143.50605197640112
30,0.8818508,996,29880,142.50425545167812
30,6.547271,997,29910,180.03571265051966
30,-12.868045,998,29940,159.77245946934298
30,0.030182838,999,29970,150.76523808325635
30,-4.433458,1000,30000,147.43117857891895
30,-4.2082634,1001,30030,186.4198631953385
30,-4.0502925,1002,30060,142.63720269066226
30,5.514683,1003,30090,157.03749556952232
30,-12.6996,1004,30120,154.30087102181662
30,0.96998143,1005,30150,180.94729439984124
30,-15.810722,1006,30180,162.21092079158143
30,-13.27575,1007,30210,143.25738350507717
30,-0.30238867,1008,30240,143.23765117295645
30,-6.764478,1009,30270,173.53586451337074
30,-9.747033,1010,30300,147.68069386820963
30,-12.647864,1011,30330,143.00388680531879
30,4.0847397,1012,30360,150.0870971666583
30,-1.1804173,1013,30390,171.92448004197374
30,-32.738804,1014,30420,154.48083493650932
30,-20.007776,1015,30450,157.75849228817236
30,-0.4239095,1016,30480,151.9928683766135
30,-3.7661467,1017,30510,163.6046053529752
30,-12.677282,1018,30540,133.47496650638527
30,5.7019825,1019,30570,143.75246481850024
30,-0.58186173,1020,30600,145.02290093931884
30,-10.969042,1021,30630,159.7174999968267
30,-0.11850655,1022,30660,139.1911964796538
30,-3.1623435,1023,30690,146.78194976506325
30,1.6548969,1024,30720,135.5585648769105
30,-5.1010094,1025,30750,168.46759422897722
30,-20.883312,1026,30780,159.3867184828072
30,21.15069,1027,30810,141.17767440608023
30,5.2975364,1028,30840,141.8758456459382
30,-10.629108,1029,30870,184.0427676083634
30,8.555034,1030,30900,155.73084353662355
30,-11.973148,1031,30930,130.83921522957073
30,4.228082,1032,30960,146.16065122848752
30,4.772137,1033,30990,184.0586510950272
30,-11.225653,1034,31020,151.98662633954024
30,-34.747715,1035,31050,152.6372598612026
30,12.425581,1036,31080,147.27208248136995
30,-8.572932,1037,31110,188.14781586714875
30,-1.8279455,1038,31140,153.65326846709553
30,0.4576037,1039,31170,156.92586283014774
30,-10.3168745,1040,31200,144.93637176214742
30,-19.484293,1041,31230,185.29433333775108
30,-9.776506,1042,31260,144.2317995343927
30,12.253658,1043,31290,145.67129897613768
30,-3.099208,1044,31320,152.72655771133108
30,2.6516168,1045,31350,174.4583337954901
30,-39.282307,1046,31380,147.73201649801172
30,-1.7914561,1047,31410,143.23536844405893
30,-0.77170706,1048,31440,152.49371321092224
30,38.763577,1049,31470,183.6524663284429
30,-24.322819,1050,31500,146.74856871620054
30,-4.257921,1051,31530,130.66991777385005
30,-4.544886,1052,31560,132.17372305404004
30,-3.576759,1053,31590,165.43293825310116
30,-6.731318,1054,31620,135.85230290859624
30,-7.880043,1055,31650,143.06648550621648
30,-6.0358286,1056,31680,153.6335698352057
30,1.6008564,1057,31710,182.05129243866233
30,22.38315,1058,31740,156.2962631728003
30,15.824341,1059,31770,138.15154725764572
30,-0.92731494,1060,31800,134.46227004846148
30,-0.52732235,1061,31830,173.0506668060287
30,14.398539,1062,31860,148.5648976816016
30,3.8725462,1063,31890,150.1660872647336
30,-15.722588,1064,31920,161.15038331595838
30,4.343286,1065,31950,183.98894567148466
30,7.349313,1066,31980,141.99480225198133
30,-3.8893573,1067,32010,142.2867126145635
30,-2.025725,1068,32040,138.28059629322328
30,7.060759,1069,32070,171.76489217353796
30,-21.347506,1070,32100,143.16838645153143
30,-26.09444,1071,32130,158.08294041602122
30,2.9228458,1072,32160,160.18841334322929
30,-16.87142,1073,32190,157.68178708110588
30,-6.773347,1074,32220,143.3871651465219
30,8.821039,1075,32250,141.8521741875262
30,-4.4929757,1076,32280,144.176106221054
30,-5.7992725,1077,32310,172.71527105767052
30,-20.515745,1078,32340,138.06105319057892
30,-2.648746,1079,32370,141.43299841627206
30,5.198662,1080,32400,139.42825483536757
30,-8.214691,1081,32430,158.51748642897905
30,-51.551926,1082,32460,138.18856726787112
30,-2.6708393,1083,32490,129.16042569964526
30,-4.83703,1084,32520,149.457977938076
30,-0.7843003,1085,32550,183.83250277218957
30,-2.7722723,1086,32580,148.93329024973102
30,-4.5713706,1087,32610,156.62076176250935
30,-8.092749,1088,32640,147.21849516210176
30,-4.4878244,1089,32670,184.98487973620027
30,-5.507863,1090,32700,150.1560521677492
30,-37.667934,1091,32730,153.13863993729828
30,-3.2554991,1092,32760,147.5572150271827
30,16.723005,1093,32790,175.97395405038012
30,-5.9542117,1094,32820,141.01755699354698
30,4.255084,1095,32850,135.6300162330313
30,6.148508,1096,32880,151.67024057915464
30,-13.856342,1097,32910,179.227165575837
30,4.687518,1098,32940,150.3774940095966
30,-14.681401,1099,32970,154.75613715747528
30,-3.582468,1100,33000,142.91098410852362
30,-11.548379,1101,33030,175.08024277369785
30,-1.0452349,1102,33060,149.69321182992695
30,-5.8114834,1103,33090,139.84058750572348
30,-5.8634295,1104,33120,150.15246852957426
30,-30.376482,1105,33150,173.9230050478523
30,1.887105,1106,33180,145.60505264522132
30,5.8763595,1107,33210,143.23683590428348
30,-2.1690242,1108,33240,155.1637597663957
30,22.8049,1109,33270,165.9752018150161
30,2.913065,1110,33300,145.05700643037144
30,-2.8024862,1111,33330,144.4220095034777
30,-9.916106,1112,33360,156.2976221677612
30,4.15824,1113,33390,171.59249531570893
30,10.799973,1114,33420,145.54778889118947
30,-2.5130835,1115,33450,148.68532562585818
30,-8.591593,1116,33480,161.2228575967978
30,11.031975,1117,33510,176.3129966413001
30,1.1100384,1118,33540,134.43023531598752
30,-12.1582985,1119,33570,145.70436039240752
30,-9.010649,1120,33600,148.96396924333635
30,6.0253315,1121,33630,182.2812624039913
30,-6.9564676,1122,33660,142.4560164114826
30,-15.294645,1123,33690,149.23604793899105
30,-7.740592,1124,33720,158.34393958651341
30,0.53762406,1125,33750,176.04165821405238
30,-4.8775473,1126,33780,145.33462541104126
30,-6.5763144,1127,33810,152.26747373146864
30,-6.608894,1128,33840,136.3605153191268
30,-2.2863452,1129,33870,167.90581302716961
30,-3.3536396,1130,33900,166.10030506277482
30,-1.9842126,1131,33930,153.2173307389016
30,-10.923089,1132,33960,148.6387814913123
30,-9.890213,1133,33990,166.23679694343048
30,-13.705067,1134,34020,142.67019517936228
30,8.866494,1135,34050,151.19167460699862
30,-16.948217,1136,34080,142.45537129452683
30,-7.113578,1137,34110,179.2458033709786
30,6.2182517,1138,34140,145.1522188268924
30,5.2108345,1139,34170,149.24330517581254
30,4.855362,1140,34200,139.94479132142706
30,6.70324,1141,34230,172.0453066291846
30,4.152064,1142,34260,150.23834370112115
30,-4.500228,1143,34290,142.85614377675094
30,-3.378418,1144,34320,143.53764652737536
30,-2.743358,1145,34350,174.76096760170387
30,-11.779488,1146,34380,153.4174048221416
30,15.768637,1147,34410,141.83778324356862
30,-12.386622,1148,34440,151.1644295584209
30,3.312605,1149,34470,172.41353228922597
30,-5.9019494,1150,34500,145.35342858826098
30,7.6683125,1151,34530,152.70153637047645
30,-8.723131,1152,34560,151.08801421675753
30,5.9028616,1153,34590,175.43125467057786
30,-13.9033985,1154,34620,150.39241184119942
30,-21.681393,1155,34650,141.18005042260063
30,14.913426,1156,34680,160.03927558922922
30,-4.7301807,1157,34710,178.06805493642403
30,-11.93438,1158,34740,151.11922445018783
30,9.860336,1159,34770,137.76991398489918
30,-1.6318976,1160,34800,148.55612776176073
30,-4.6465864,1161,34830,181.458223072741
30,-8.401024,1162,34860,159.8150740084995
30,1.9335752,1163,34890,164.8965834467991
30,-16.78623,1164,34920,147.4462086502068
30,6.863122,1165,34950,164.1492760448397
30,6.8029747,1166,34980,153.86389009470588
30,3.8002872,1167,35010,139.5641902159084
30,-13.273121,1168,35040,147.7358324419966
30,0.8783792,1169,35070,183.14698292236685
30,-0.8414972,1170,35100,152.4868755907802
30,-12.030697,1171,35130,156.6147186254949
30,-23.153526,1172,35160,158.1560606384356
30,3.2836866,1173,35190,157.10533610014457
30,-3.5751357,1174,35220,149.6305527676435
30,5.4015884,1175,35250,144.48817894015232
30,11.432714,1176,35280,141.17450650845618
30,23.2403,1177,35310,190.46145183409166
30,23.549362,1178,35340,149.4769754192227
30,20.585209,1179,35370,133.7348560132216
30,-14.591671,1180,35400,148.37377292746342
30,-4.09448,1181,35430,158.48773704681486
30,-22.701889,1182,35460,164.41158715848064
30,9.441778,1183,35490,145.15272115670788
30,2.002674,1184,35520,153.50986542325612
30,-2.049498,1185,35550,175.13945975438827
30,-12.838434,1186,35580,150.29487049324248
30,-12.284177,1187,35610,142.6414067672105
30,-27.444096,1188,35640,154.99900222466945
30,11.3830595,1189,35670,178.1537742727897
30,-5.6057034,1190,35700,143.85435887586345
30,18.64454,1191,35730,152.77384262350813
30,-8.372211,1192,35760,145.51866903205064
30,19.627747,1193,35790,170.7254832258292
30,-24.64763,1194,35820,146.26479890919617
30,-24.246044,1195,35850,146.40554024871545
30,-13.054252,1196,35880,122.83045998049614
30,-15.261873,1197,35910,167.16546082086083
30,13.070803,1198,35940,145.50958198226536
30,-5.2996316,1199,35970,148.91213968465863
30,-19.321594,1200,36000,152.45916178982952
30,3.4131567,1201,36030,182.7617950665735
30,4.515378,1202,36060,153.24924032518345
30,19.147705,1203,36090,141.7297845259684
30,-8.338173,1204,36120,140.62151950085325
30,-4.928386,1205,36150,174.19508102765158
30,7.673136,1206,36180,139.5926789601088
30,7.328477,1207,36210,151.90130872892374
30,46.67432,1208,36240,142.7085438591119
30,2.1650834,1209,36270,163.54081400562774
30,-15.603973,1210,36300,146.0988783874788
30,0.5465234,1211,36330,155.20797125493237
30,26.643852,1212,36360,140.1838010430024
30,26.745373,1213,36390,164.40170582824652
30,-7.4973106,1214,36420,157.02358177999574
30,-8.856496,1215,36450,154.80925835475105
30,-2.3282547,1216,36480,137.88646395399297
30,6.1680274,1217,36510,184.27375160726262
30,3.8786323,1218,36540,153.10565860959184
30,3.7794921,1219,36570,151.77744780992887
30,0.062325038,1220,36600,161.69813139237675
30,-4.31083,1221,36630,162.05569922828852
30,-41.221294,1222,36660,142.0821853461125
30,-13.867535,1223,36690,148.34263698771446
30,-25.259922,1224,36720,150.27620297640445
30,-2.090806,1225,36750,168.06840858152637
30,0.46419257,1226,36780,141.93217708314535
30,-51.22652,1227,36810,147.48319221356437
30,-63.679367,1228,36840,158.53725897329934
30,0.099145055,1229,36870,181.48465670126288
30,-31.44702,1230,36900,153.09243280335215
30,9.910749,1231,36930,151.38995065926014
30,-9.723985,1232,36960,143.8512341705946
30,-1.205132,1233,36990,163.84106667361115
30,5.7959886,1234,37020,154.94956684501855
30,-5.022927,1235,37050,161.9705894468015
30,-3.7115395,1236,37080,147.07309290460577
30,-1.1923512,1237,37110,174.80515403049353
30,-3.2577748,1238,37140,155.58122972224422
30,-22.697079,1239,37170,147.6216129970811
30,-8.5121,1240,37200,145.93942711734272
30,-22.318804,1241,37230,175.4114453875933
30,-2.263391,1242,37260,136.70970903216065
30,15.14958,1243,37290,130.39854584344604
30,1.256672,1244,37320,145.19509681856314
30,10.669141,1245,37350,160.46582983591128
30,41.84521,1246,37380,145.15339093520367
30,-11.321525,1247,37410,138.29184255963142
30,-4.7237315,1248,37440,132.7431813434552
30,-13.989035,1249,37470,165.8787098203045
30,-0.6322031,1250,37500,139.80749252514119
30,0.68092626,1251,37530,130.98699489810258
30,0.07270157,1252,37560,119.4809762508178
30,-9.852711,1253,37590,148.84203329362765
30,-1.0351543,1254,37620,136.90351949934066
30,5.4131346,1255,37650,143.52209306702346
30,10.798758,1256,37680,132.69600559345574
30,-3.0455642,1257,37710,114.21567061215598
30,0.4743716,1258,37740,137.11042898658744
30,-14.646658,1259,37770,146.8436162316838
30,24.269552,1260,37800,158.2437748377685
30,-14.089658,1261,37830,178.67515626908101
30,16.105734,1262,37860,132.1881638081551
30,-1.7802646,1263,37890,138.93607107287266
30,12.158362,1264,37920,150.62302562512644
30,4.014228,1265,37950,176.46951907056587
30,-20.674633,1266,37980,150.8917943693691
30,-38.593353,1267,38010,144.4918291440783
30,-12.903677,1268,38040,142.3454642125864
30,13.669444,1269,38070,169.02088630804383
30,-33.40845,1270,38100,139.2685334809076
30,1.0941633,1271,38130,143.11155796269043
30,-4.466773,1272,38160,141.07178533349926
30,-7.863399,1273,38190,177.02713881737222
30,-2.0793555,1274,38220,140.60234946012477
30,-5.7825527,1275,38250,166.17422861761304
30,-23.140018,1276,38280,150.26310258516918
30,-4.7343016,1277,38310,163.69314508208132
30,8.986647,1278,38340,147.83424778241204
30,-18.507555,1279,38370,152.93074132367508
30,2.3989425,1280,38400,156.81145729870653
30,-2.168092,1281,38430,144.4614716964669
30,-8.373286,1282,38460,133.1058856633285
30,-15.305853,1283,38490,110.23060723183718
30,-12.346564,1284,38520,136.65611030743767
30,24.159208,1285,38550,142.6127916057
30,-4.623926,1286,38580,125.54025188042314
30,12.279976,1287,38610,112.48653021817158
30,-3.5745137,1288,38640,127.65755922071835
30,4.5472727,1289,38670,178.60110201752667
30,21.735086,1290,38700,147.61520530540946
30,-7.4254403,1291,38730,145.93790375894503
30,-14.571884,1292,38760,141.46336856732344
30,-16.55236,1293,38790,163.75620288055723
30,-10.550174,1294,38820,147.39819227146853
30,8.207527,1295,38850,142.09084934402645
30,-8.545243,1296,38880,128.5124601683144
30,-15.194931,1297,38910,154.63023906840252
30,-6.9964395,1298,38940,132.1846921849443
30,-8.79362,1299,38970,144.81993771191415
30,4.850499,1300,39000,149.23233109101778
30,-15.874348,1301,39030,170.1237235223415
30,-21.136599,1302,39060,141.54436636433277
30,6.1192756,1303,39090,151.86042694524636
30,-11.394091,1304,39120,158.80316876567315
30,-11.530058,1305,39150,176.19103762026316
30,3.2370768,1306,39180,128.59835702007018
30,-2.9362059,1307,39210,135.8241473556042
30,0.87902594,1308,39240,153.23542986717393
30,-15.9867935,1309,39270,165.9664450775562
30,-6.048995,1310,39300,144.3328844525911
30,13.515867,1311,39330,135.71939982332518
30,-12.5100765,1312,39360,156.2556983497604
30,3.4952714,1313,39390,171.3378141374089
30,-21.71957,1314,39420,155.9419851604356
30,-2.4002151,1315,39450,141.56315709536426
30,3.01693,1316,39480,140.78940183946114
30,-7.3854246,1317,39510,183.8628566084715
30,16.91397,1318,39540,141.97878032570836
30,-8.268375,1319,39570,152.774770071331
30,7.5976343,1320,39600,141.59597321327092
30,-14.970083,1321,39630,167.0008387925634
30,16.2991,1322,39660,138.6841719506187
30,6.553578,1323,39690,147.15427625154518
30,-18.828754,1324,39720,146.25578843614588
30,11.040658,1325,39750,160.8771786269536
30,2.8057408,1326,39780,145.71127819897146
30,8.280773,1327,39810,143.522256770105
30,-5.068747,1328,39840,137.08802217305046
30,-2.121118,1329,39870,171.56558956228176
30,1.5667682,1330,39900,128.40400552274767
30,-30.059011,1331,39930,163.59375731321086
30,-1.1354532,1332,39960,139.97748419221202
30,-25.191677,1333,39990,167.8751234090242
30,-11.548462,1334,40020,140.80342326031078
30,-9.044756,1335,40050,152.34748497157767
30,-3.0130758,1336,40080,138.03636602984977
30,-3.5062766,1337,40110,180.80585112115355
30,-0.671533,1338,40140,145.66303596627606
30,-4.125154,1339,40170,137.94859369946664
30,-1.4654937,1340,40200,148.14161792546128
30,-2.8077192,1341,40230,153.34448824895043
30,-9.292784,1342,40260,144.16289157289083
30,-6.1624994,1343,40290,154.98315656450575
30,-1.8112335,1344,40320,157.00300956773026
30,5.068017,1345,40350,174.91255701066052
30,-1.2352585,1346,40380,146.2024283971417
30,-8.140373,1347,40410,139.17872584707376
30,10.101007,1348,40440,163.0669184245005
30,-13.87027,1349,40470,179.53710692541802
30,-7.66116,1350,40500,141.72020678702964
30,17.52626,1351,40530,141.45319072875378
30,13.044615,1352,40560,142.06470012430606
30,-11.583849,1353,40590,166.7547337842709
30,-0.2949151,1354,40620,149.22100469617192
30,-1.7763199,1355,40650,142.4419864360501
30,5.2163005,1356,40680,157.5057267244638
30,14.887273,1357,40710,146.34934739574732
30,2.8673587,1358,40740,146.2671792195232
30,-7.971128,1359,40770,136.70317397374126
30,-2.9578786,1360,40800,140.5937089378134
30,-12.518437,1361,40830,169.0077190984222
30,-14.347994,1362,40860,146.8641832366137
30,-0.6918467,1363,40890,157.69166758569523
30,1.0497166,1364,40920,141.69834246802108
30,-12.233831,1365,40950,173.8468318980703
30,-6.293426,1366,40980,144.74846858661328
30,-4.7614384,1367,41010,143.37115420112437
30,0.21076107,1368,41040,149.32601670687725
30,-16.319033,1369,41070,179.18326718757342
30,30.9129,1370,41100,151.8584109245168
30,-23.127415,1371,41130,138.0643858763633
30,-11.048674,1372,41160,156.43519698440858
30,-0.36505103,1373,41190,178.46988273072319
30,-15.830741,1374,41220,161.4812799498985
30,-26.203125,1375,41250,157.18501566489616
30,0.731405,1376,41280,147.87403295958146
30,-3.1611052,1377,41310,164.18997263698796
30,-2.6925895,1378,41340,148.74438200254863
30,3.0484867,1379,41370,161.07838656778895
30,-0.9251983,1380,41400,155.18806339778274
30,-1.4028511,1381,41430,172.01778837412456
30,-14.4685545,1382,41460,139.08703529097062
30,-7.078427,1383,41490,149.66418988918136
30,-35.49046,1384,41520,152.3803249624284
30,-11.011312,1385,41550,183.70877364082588
30,28.793549,1386,41580,139.82831101376513
30,2.2226338,1387,41610,154.75004673402927
30,-13.603943,1388,41640,155.8774625850593
30,16.29492,1389,41670,157.61285562721787
30,-12.759663,1390,41700,152.0264740315992
30,-56.273453,1391,41730,154.72416778153774
30,-10.163273,1392,41760,149.9810123640143
30,2.1290913,1393,41790,167.9266525203187
30,-7.0504656,1394,41820,142.15200870338342
30,-3.732486,1395,41850,139.77518953594935
30,-5.2165914,1396,41880,146.53614226321488
30,-6.6412196,1397,41910,168.1294912119892
30,-7.8058352,1398,41940,141.16690413417848
30,1.6445065,1399,41970,152.36132032063546
30,-16.69405,1400,42000,148.90984873408584
30,-8.82378,1401,42030,184.6604677373908
30,-21.921402,1402,42060,139.83499288762448
30,-6.005755,1403,42090,140.6037634648907
30,-2.1274014,1404,42120,142.3871831401895
30,13.7489,1405,42150,174.6544779206214
30,-21.042315,1406,42180,136.67540694428453
30,-11.324386,1407,42210,153.58350177227055
30,-8.049276,1408,42240,150.87189288416369
30,-45.333565,1409,42270,166.77882531641544
30,1.5352606,1410,42300,147.13225157300363
30,-1.2696507,1411,42330,142.95725794632278
30,-6.4312963,1412,42360,148.6175389528786
30,7.8356786,1413,42390,161.7565420392548
30,-2.3119977,1414,42420,145.4698815238201
30,-2.5579164,1415,42450,144.13993688177646
30,-14.126467,1416,42480,154.826020993881
30,-6.7125845,1417,42510,169.19816211026532
30,-4.8534493,1418,42540,149.738815028489
30,22.714106,1419,42570,153.55538796101717
30,-10.03831,1420,42600,140.60392057828696
30,25.552414,1421,42630,173.49758014477766
30,-15.194801,1422,42660,152.0286782002907
30,-8.461992,1423,42690,139.72753883260117
30,-4.526987,1424,42720,154.5840771021579
30,-3.041884,1425,42750,175.12751565762005
30,-8.292581,1426,42780,152.620412440658
30,11.629601,1427,42810,145.5482939626474
30,10.937772,1428,42840,138.88791756073007
30,-24.88588,1429,42870,179.61963139389977
30,-16.519228,1430,42900,136.935849845085
30,-4.744882,1431,42930,132.56194098250123
30,-27.809538,1432,42960,147.69525477404216
30,-7.0315585,1433,42990,136.44908904983794
30,-8.972177,1434,43020,146.10328900159539
30,4.69051,1435,43050,135.8822309765706
30,-1.3324325,1436,43080,144.92034680696193
30,-0.23791444,1437,43110,161.79273206997908
30,-8.962143,1438,43140,142.14044699489972
30,7.5012393,1439,43170,150.95153033987424
30,-6.677646,1440,43200,142.02974258833888
30,-6.206033,1441,43230,177.62138416627613
30,3.4336557,1442,43260,144.62984248420705
30,-3.5553079,1443,43290,134.0091739894926
30,-5.190298,1444,43320,145.69980512239772
30,-2.0480096,1445,43350,152.65022194670124
30,-6.7590895,1446,43380,129.68771869431185
30,3.1899924,1447,43410,135.66130903351288
30,1.0917296,1448,43440,134.30081543781753
30,-13.701997,1449,43470,137.443058438012
30,-10.697252,1450,43500,120.71549108226421
30,2.5586011,1451,43530,126.3939746728128
30,10.110531,1452,43560,140.2153557113391
30,5.692214,1453,43590,161.68358726002032
30,9.8135195,1454,43620,154.66901361706522
30,2.476106,1455,43650,149.55976846184018
30,-1.0803732,1456,43680,143.55615134937793
30,-0.30369616,1457,43710,169.63177662319455
30,-12.808388,1458,43740,148.32043000612947
30,10.627948,1459,43770,140.53576634020325
30,2.7868614,1460,43800,150.7262292784424
30,-15.291179,1461,43830,167.5721905193136
30,-11.880045,1462,43860,144.19824618501693
30,-40.620197,1463,43890,145.6363983587868
30,-6.478502,1464,43920,146.93140895396903
30,-2.4319568,1465,43950,170.9592971911013
30,-19.386919,1466,43980,144.34811736984716
30,-2.1125064,1467,44010,144.26669173742658
30,16.041683,1468,44040,130.7500280559123
30,-9.450713,1469,44070,142.19955993883895
30,-12.973818,1470,44100,123.45580559327489
30,-4.336073,1471,44130,120.86530287617823
30,-18.106438,1472,44160,130.71566365439213
30,0.8147634,1473,44190,169.54926233495343
30,-9.282439,1474,44220,152.8900467069419
30,-3.5022156,1475,44250,145.30877898429804
30,-11.941347,1476,44280,141.73601075052014
30,5.1688023,1477,44310,166.3095231801384
30,-2.9908066,1478,44340,146.79496392806143
30,-0.32749712,1479,44370,147.9280986586097
30,-8.747719,1480,44400,148.27446345432543
30,23.235783,1481,44430,174.06302998779904
30,-8.200748,1482,44460,135.80215894888846
30,-11.357505,1483,44490,142.3878276397041
30,-4.3140883,1484,44520,153.6759750609127
30,-1.8851075,1485,44550,164.70469967328475
30,1.06622,1486,44580,149.69178717754716
30,24.443188,1487,44610,147.60550823549008
30,-12.598819,1488,44640,151.4296682917319
30,5.4178586,1489,44670,182.33593925474028
30,9.970242,1490,44700,150.10571772817826
30,0.8342877,1491,44730,134.79067824298485
30,-7.742856,1492,44760,156.1626147833652
30,-0.9217396,1493,44790,189.22554284485443
30,-11.675839,1494,44820,145.88849649044292
30,-1.4482005,1495,44850,145.08644366806186
30,-7.70897,1496,44880,120.44072251538422
30,0.2655865,1497,44910,145.43154741265724
30,-3.7630892,1498,44940,129.30961766918375
30,2.4491835,1499,44970,141.53083375887738
30,-8.96652,1500,45000,153.66152463388661
30,-13.485188,1501,45030,165.66141272006277
30,6.432084,1502,45060,151.96808684089436
30,17.283047,1503,45090,146.31514197307635
30,-6.6393375,1504,45120,160.37502246387618
30,0.70768964,1505,45150,168.22569647770388
30,-1.6175164,1506,45180,146.45291196934744
30,-34.18579,1507,45210,160.33782931413464
30,11.102612,1508,45240,151.1909479449158
30,-9.783733,1509,45270,187.38234724724873
30,4.7967825,1510,45300,149.32778883433792
30,2.896326,1511,45330,136.12375091007635
30,-4.3253083,1512,45360,144.09239933902316
30,-3.0414288,1513,45390,182.07104915504146
30,8.377117,1514,45420,150.23045127952872
30,-15.200143,1515,45450,146.24983873236081
30,0.98828983,1516,45480,138.97612218232584
30,3.5789614,1517,45510,165.36358427385653
30,-14.556121,1518,45540,131.14645293421788
30,-11.14245,1519,45570,146.60340954635697
30,-15.418736,1520,45600,151.0588116655722
30,5.0191994,1521,45630,151.5734087571809
30,-12.575941,1522,45660,158.55064319114538
30,-11.145324,1523,45690,141.6111119864409
30,-13.303944,1524,45720,142.60163965266744
30,-14.1082,1525,45750,199.70720620631423
30,-4.5254574,1526,45780,152.46876809996147
30,-29.57895,1527,45810,150.8407847180182
30,-9.430339,1528,45840,158.45121449052345
30,-3.9102967,1529,45870,172.9645559702262
30,-2.1342926,1530,45900,144.32493811980555
30,1.8401251,1531,45930,149.51409658181507
30,-2.2314634,1532,45960,147.1608160973984
30,3.8285089,1533,45990,177.81465769414478
30,-2.7790813,1534,46020,137.20566491182925
30,-2.333816,1535,46050,159.59271421124527
30,-14.692397,1536,46080,138.37898709788104
30,-10.731309,1537,46110,155.2089284921328
30,-15.352133,1538,46140,145.48972904473064
30,-15.429193,1539,46170,143.25558943205132
30,-2.1138897,1540,46200,146.7612346085076
30,-21.266088,1541,46230,172.79496401395772
30,6.2351336,1542,46260,140.28085353073647
30,4.764982,1543,46290,126.93433727465037
30,-2.2778203,1544,46320,121.123706259241
30,-22.275467,1545,46350,125.9801702240987
30,12.744511,1546,46380,130.87473360466046
30,10.793463,1547,46410,150.5657112703106
30,3.8462791,1548,46440,147.2405456702809
30,0.42868328,1549,46470,176.87559302163766
30,-4.0423346,1550,46500,152.7499183620452
30,17.322182,1551,46530,152.186810222942
30,-4.750594,1552,46560,147.9406211127545
30,25.272875,1553,46590,179.2373775862683
30,-24.55491,1554,46620,147.2188396505005
30,-2.0111861,1555,46650,139.71574758385447
30,-21.177673,1556,46680,142.44343768466382
30,-0.38720536,1557,46710,161.96892152117724
30,-5.5736184,1558,46740,152.3382628013826
30,-3.2314365,1559,46770,157.24178264417472
30,-28.866148,1560,46800,146.44149224028072
30,3.2807066,1561,46830,180.0287578744354
30,-14.329126,1562,46860,135.14754309650394
30,1.4973758,1563,46890,153.15392423921537
30,-1.0923792,1564,46920,133.35062887083032
30,-2.205944,1565,46950,170.18492845907377
30,-5.2550597,1566,46980,153.25166674380253
30,-7.1262755,1567,47010,143.30616688913085
30,-24.049215,1568,47040,143.71913409272878
30,-15.980825,1569,47070,183.61869850599905
30,5.530891,1570,47100,150.1974555898004
30,-8.021273,1571,47130,150.3300641920912
30,-10.349649,1572,47160,159.46226257280594
30,2.1661832,1573,47190,190.9449893092517
30,-27.741993,1574,47220,150.29074170068725
30,-8.2554455,1575,47250,143.50736131877608
30,10.137077,1576,47280,143.22199963576762
30,-12.392377,1577,47310,158.9263209745562
30,-5.291577,1578,47340,135.72979410089573
30,-25.024767,1579,47370,151.92992073218588
30,-14.684484,1580,47400,142.43521433349974
30,14.864374,1581,47430,153.01349806649318
30,-7.9053535,1582,47460,126.90169311016713
30,-4.866021,1583,47490,151.36226995673098
30,-9.306366,1584,47520,153.38131180153297
30,-2.6904736,1585,47550,150.19799344677142
30,-36.673813,1586,47580,140.0182938635438
30,3.9331617,1587,47610,152.7387933514522
30,-1.8745551,1588,47640,132.7983789260385
30,-4.499129,1589,47670,160.91050689146297
30,12.27761,1590,47700,154.4302132067413
30,-8.784244,1591,47730,138.41886989217267
30,-9.942401,1592,47760,151.6777364986222
30,-2.7406204,1593,47790,164.22125846855394
30,26.1445,1594,47820,151.79722268131528
30,-9.669006,1595,47850,157.69799175848965
30,32.927807,1596,47880,139.46472569602616
30,5.0571866,1597,47910,165.6487637142022
30,12.645782,1598,47940,147.50013480596147
30,-3.4334426,1599,47970,149.34090388493203
30,-5.3140683,1600,48000,135.90086932666875
30,14.969895,1601,48030,183.44870821056438
30,-0.29792976,1602,48060,142.9874738778706
30,-3.2540674,1603,48090,142.23154639315095
30,3.9412985,1604,48120,139.64938137876845
30,-18.524061,1605,48150,168.93125364165326
30,-8.006214,1606,48180,145.89340188040669
30,-8.631204,1607,48210,144.26073737093486
30,4.2937856,1608,48240,143.09414393668015
30,-4.047753,1609,48270,190.15750102008434
30,6.4407015,1610,48300,136.26836706404214
30,-9.622902,1611,48330,146.3731815189043
30,-2.5589762,1612,48360,146.55764742057667
30,-0.79267484,1613,48390,157.0714085096025
30,-5.369446,1614,48420,143.40710213738822
30,6.629093,1615,48450,141.4501694648508
30,-22.51857,1616,48480,138.10545170775396
30,0.07217643,1617,48510,172.9110772148246
30,-9.966956,1618,48540,139.3938104860151
30,-5.0766616,1619,48570,155.0203894571107
30,-10.057532,1620,48600,161.0186101090655
30,-19.31659,1621,48630,175.15530647868974
30,-7.1441154,1622,48660,137.22436881038303
30,0.22785836,1623,48690,152.86794318710568
30,-5.1655436,1624,48720,143.69041311139938
30,0.54174757,1625,48750,153.9493552874504
30,2.4713526,1626,48780,134.07614359236646
30,-1.8645053,1627,48810,142.6570933938295
30,20.324202,1628,48840,155.96421338106205
30,-17.269424,1629,48870,174.28676696686549
30,-6.483304,1630,48900,151.20620931565583
30,-7.2669573,1631,48930,140.0143987840038
30,1.2734976,1632,48960,142.43924526934936
30,-15.176862,1633,48990,183.7136015885067
30,-3.2659042,1634,49020,132.42159677378618
30,-7.107337,1635,49050,140.12229466756497
30,-10.388239,1636,49080,146.39123251971986
30,-1.9686661,1637,49110,170.26852358038659
30,-1.868253,1638,49140,145.79417421731978
30,-1.5428956,1639,49170,140.52352442566763
30,-16.595255,1640,49200,131.6604949833056
30,-14.880238,1641,49230,169.485774167348
30,-2.8696842,1642,49260,136.39761652088796
30,7.4585238,1643,49290,130.67833152627708
30,2.8405313,1644,49320,134.9621431919419
30,-4.584883,1645,49350,170.871077868218
30,-16.866432,1646,49380,134.082715644194
30,-2.2265272,1647,49410,124.27886543259382
30,-4.5063763,1648,49440,139.0458446737765
30,-5.3506336,1649,49470,174.89699727707531
30,-1.5286518,1650,49500,134.26943068210798
30,-2.880124,1651,49530,125.84195587949971
30,-8.542545,1652,49560,150.53959184259452
30,3.9169168,1653,49590,148.81369242195595
30,0.27931035,1654,49620,99.44591883992912
30,-1.3743664,1655,49650,131.85613193459858
30,10.300023,1656,49680,130.953596123505
30,17.638681,1657,49710,150.6145518877523
30,1.9898272,1658,49740,139.27377455266716
30,-4.6610417,1659,49770,127.90176815291804
30,-56.539497,1660,49800,141.0581848062356
30,-1.3431869,1661,49830,183.19844623103288
30,-2.610193,1662,49860,155.44323187800654
30,-11.096943,1663,49890,152.3685156952899
30,16.512257,1664,49920,157.03592769532597
30,8.8487215,1665,49950,178.3181320892688
30,-3.6096468,1666,49980,144.99917030809226
30,-2.9637275,1667,50010,135.04948879820893
30,-5.897632,1668,50040,154.47817978915785
30,-0.87797946,1669,50070,163.7223245792087
30,0.9847453,1670,50100,145.77779013551415
30,-10.212556,1671,50130,142.94767599057536
30,-0.53318584,1672,50160,143.13907099442707
30,-4.255041,1673,50190,167.5431843147698
30,2.238081,1674,50220,137.66575968333262
30,-0.03666067,1675,50250,140.684094189571
30,-13.698814,1676,50280,141.53720172144995
30,-18.415165,1677,50310,158.05315536998864
30,-3.4708686,1678,50340,149.08433874833682
30,0.24002367,1679,50370,145.4814866200725
30,7.1221066,1680,50400,139.5747173101369
30,12.940443,1681,50430,174.27155972959534
30,-9.914612,1682,50460,142.76553861095636
30,-9.473406,1683,50490,140.90244036267822
30,-24.405785,1684,50520,147.3298488169505
30,-10.013534,1685,50550,166.85092045121536
30,1.4990048,1686,50580,149.91418267426468
30,-9.574249,1687,50610,157.70135168161224
30,-12.23888,1688,50640,144.4095784055501
30,-17.78709,1689,50670,165.3140502816783
30,-8.890669,1690,50700,146.96933630318668
30,-12.047387,1691,50730,143.2952326072672
30,-12.969603,1692,50760,143.64054794520547
30,-0.4232293,1693,50790,171.85943567211126
30,-13.493351,1694,50820,145.04714093866895
30,7.89605,1695,50850,142.0198036787935
30,-37.93682,1696,50880,154.09697780194426
30,19.086517,1697,50910,161.4158202207986
30,-15.183168,1698,50940,134.08214413584983
30,-21.988346,1699,50970,150.14136033820523
30,8.819247,1700,51000,151.91396270880318
30,3.8014824,1701,51030,171.20167189132707
30,-2.5842614,1702,51060,147.09320839149066
30,-5.3620358,1703,51090,146.18866986317445
30,-11.610029,1704,51120,157.51302186020138
30,-19.034101,1705,51150,157.37295512531892
30,-12.9083605,1706,51180,134.90238458223175
30,-6.1039386,1707,51210,153.05686486065682
30,-3.117587,1708,51240,142.75614429782613
30,-5.121795,1709,51270,175.10948072154017
30,-17.648996,1710,51300,139.84835855133736
30,-4.9287124,1711,51330,137.43810436106617
30,8.844018,1712,51360,145.24671798760957
30,0.92036617,1713,51390,182.81729185009544
30,7.5483294,1714,51420,155.9717530861749
30,-17.011963,1715,51450,148.22049351420372
30,-3.8896003,1716,51480,158.0178250075035
30,-6.687957,1717,51510,168.66744680765504
30,0.6907058,1718,51540,156.34481336153019
30,11.903184,1719,51570,144.86128539818424
30,2.1336575,1720,51600,139.6276864896535
30,-8.39725,1721,51630,172.9110772148246
30,2.1335335,1722,51660,143.05396138209534
30,-13.303054,1723,51690,135.76347663962815
30,35.85958,1724,51720,141.58673218507337
30,1.1137455,1725,51750,167.07933767975462
30,9.628469,1726,51780,143.20064732653458
30,-6.888209,1727,51810,142.9804873392694
30,15.142292,1728,51840,140.181458441026
30,-2.5885983,1729,51870,179.23890948820474
30,2.0272489,1730,51900,150.24175204862982
30,0.5795621,1731,51930,135.98429085690262
30,5.6952944,1732,51960,143.00534952624812
30,-8.952131,1733,51990,177.21338003473028
30,-9.181319,1734,52020,155.23994936746342
30,12.8193865,1735,52050,143.29229532335228
30,-7.813484,1736,52080,139.3465737313869
30,-10.530651,1737,52110,159.6706824659224
30,-4.8437724,1738,52140,139.77192900607167
30,6.9601088,1739,52170,139.9589563569262
30,-0.5754914,1740,52200,146.82836608979662
30,32.843586,1741,52230,172.69038208168644
30,-7.1973352,1742,52260,146.4101397555819
30,12.50157,1743,52290,135.8250270399803
30,-3.9704404,1744,52320,143.73177496219063
30,14.455178,1745,52350,166.4906261536202
30,-16.735268,1746,52380,150.18329340909986
30,9.50615,1747,52410,151.24019510037476
30,0.8217844,1748,52440,154.3726168568274
30,-8.730088,1749,52470,182.5618615259394
30,-8.619194,1750,52500,150.14189779349647
30,-10.020961,1751,52530,140.21613694765065
30,10.394004,1752,52560,148.91936545207517
30,-10.335996,1753,52590,167.45867735598958
30,21.416813,1754,52620,145.55890127305642
30,-5.055483,1755,52650,140.8726259835291
30,-15.3701105,1756,52680,144.68422329566818
30,-5.2467265,1757,52710,169.71070885703764
30,-3.1105442,1758,52740,142.57320198785803
30,-1.4553181,1759,52770,143.1503071672355
30,1.5394698,1760,52800,150.605358059771
30,1.9133871,1761,52830,149.6350012545977
30,4.425991,1762,52860,147.63235145732676
30,-22.66497,1763,52890,147.97089246487386
30,7.8034124,1764,52920,153.57806563271603
30,-6.3253837,1765,52950,177.45205108533779
30,-4.3721566,1766,52980,149.5843041778809
30,6.5370417,1767,53010,147.9063633211282
30,-4.835761,1768,53040,133.45316591559185
30,-17.961208,1769,53070,175.30245213386218
30,-2.2916565,1770,53100,142.7558203780452
30,-1.7099631,1771,53130,142.05235077230145
30,-4.622582,1772,53160,146.71588712253887
30,-20.293045,1773,53190,200.74203120513067
30,-21.39832,1774,53220,143.697633306382
30,9.291851,1775,53250,154.93334975066182
30,1.8712653,1776,53280,145.34755207274475
30,-15.492279,1777,53310,162.73833773711553
30,-8.293966,1778,53340,142.0935771176134
30,-24.387365,1779,53370,147.09183279832976
30,-13.045787,1780,53400,136.79888585807302
30,-10.449839,1781,53430,165.49669083218467
30,-10.536286,1782,53460,151.42930381506312
30,-8.907509,1783,53490,156.94445726373664
30,-5.316682,1784,53520,152.60727033251712
30,2.5086849,1785,53550,188.92920848273005
30,-3.6560488,1786,53580,140.40968267836996
30,-9.956974,1787,53610,144.2759550623637
30,-25.815025,1788,53640,151.01928830927545
30,-14.5153475,1789,53670,169.48394787352257
30,-4.5171623,1790,53700,153.60731284814585
30,-0.6111202,1791,53730,144.72582643130968
30,2.9618177,1792,53760,149.5882164128535
30,-2.182756,1793,53790,170.3591200239368
30,-14.679856,1794,53820,147.59113813585563
30,-0.3607993,1795,53850,140.09904870488475
30,-4.8571434,1796,53880,147.34848165479252
30,-1.4013783,1797,53910,152.57026247409755
30,-1.4087538,1798,53940,146.6577464690237
30,-5.520568,1799,53970,155.35437416429923
30,-2.0664375,1800,54000,147.69802860546872
30,-4.2273626,1801,54030,167.17678773328586
30,-24.76665,1802,54060,131.35084690206918
30,0.030409034,1803,54090,141.95507450916685
30,-9.064652,1804,54120,150.8682749963131
30,-17.772617,1805,54150,167.14880638472258
30,-26.178272,1806,54180,144.70302495032016
30,-16.301666,1807,54210,142.8154463765846
30,-1.2096496,1808,54240,153.80633931507234
30,-5.994244,1809,54270,178.67642485611924
30,-28.434135,1810,54300,159.21227143838658
30,-8.0351,1811,54330,150.1910016066002
30,-9.908022,1812,54360,147.70045579343625
30,8.7305,1813,54390,187.87784495154082
30,-5.1560564,1814,54420,144.84777811416842
30,-15.3503685,1815,54450,135.32064538817176
30,-6.9389815,1816,54480,142.2746463744191
30,-21.4336,1817,54510,172.14039465475918
30,-10.096181,1818,54540,141.58689150292673
30,-20.389725,1819,54570,143.7447464771838
30,5.517303,1820,54600,151.5263164866554
30,-2.2325048,1821,54630,172.6782957385229
30,-16.252474,1822,54660,147.91905598228203
30,-8.3941345,1823,54690,138.3843136219815
30,-1.961263,1824,54720,155.15189776647767
30,-12.056767,1825,54750,154.13095404334757
30,-5.894009,1826,54780,141.01487037591153
30,-2.6876538,1827,54810,136.24829999740126
30,-12.728212,1828,54840,140.21504321925204
30,-16.147614,1829,54870,188.71782565788487
30,-8.573635,1830,54900,147.33036633214724
30,-5.8905654,1831,54930,154.254905470246
30,-9.853249,1832,54960,138.96860124799824
30,-0.8518162,1833,54990,169.92729119175462
30,-6.959184,1834,55020,151.51117286819652
30,-10.054807,1835,55050,151.3416980986837
30,-3.6695952,1836,55080,148.9040335607401
30,19.24235,1837,55110,168.98139083279952
30,-3.5839937,1838,55140,158.57721855907084
30,-4.823387,1839,55170,142.34514215382387
30,15.775393,1840,55200,147.64170558280338
30,-9.953576,1841,55230,147.98638087677517
30,-42.93644,1842,55260,123.89914304872994
30,0.73789513,1843,55290,138.14623863686268
30,5.1209283,1844,55320,140.5899388608817
30,-1.1564611,1845,55350,152.22086999862088
30,-2.738723,1846,55380,145.10133409288258
30,-13.012171,1847,55410,127.39544702112472
30,-21.925508,1848,55440,125.57533225351564
30,-10.695122,1849,55470,171.46856501215538
30,-15.486069,1850,55500,139.45746090996548
30,-0.7185186,1851,55530,140.89786484997515
30,-18.552351,1852,55560,144.35888169556046
30,3.5289903,1853,55590,166.89960884495855
30,10.51961,1854,55620,148.87602136314266
30,0.00091791153,1855,55650,147.5151789409267
30,2.7132497,1856,55680,152.85160183719606
30,-8.467048,1857,55710,149.09493775127288
30,-8.770975,1858,55740,150.58517163095783
30,1.8514353,1859,55770,135.93507739376182
30,-9.9528675,1860,55800,128.94428498085242
30,14.095285,1861,55830,157.57338051927073
30,-9.391791,1862,55860,148.0596902526787
30,-0.6557605,1863,55890,135.8792962692595
30,-3.4157372,1864,55920,149.1104856819515
30,-10.083559,1865,55950,163.10581147102172
30,6.4628496,1866,55980,137.9340766310657
30,-0.91132224,1867,56010,134.8315531400552
30,-1.2926724,1868,56040,136.37736356207202
30,-10.5392065,1869,56070,176.70867090500806
30,-11.3030405,1870,56100,132.72945912077063
30,-17.248209,1871,56130,126.0508434335997
30,-27.680334,1872,56160,149.4718260921213
30,1.2813671,1873,56190,168.87751965867255
30,-14.386216,1874,56220,150.49133978055835
30,-28.841291,1875,56250,129.21931802777675
30,-2.4213443,1876,56280,136.96715181874885
30,-24.535992,1877,56310,167.62599013660088
30,-14.827012,1878,56340,125.28687839032666
30,-2.640753,1879,56370,129.98849175931454
30,-8.195142,1880,56400,144.25031841219217
30,12.738911,1881,56430,156.19479363597657
30,-9.824043,1882,56460,138.13531932832151
30,-9.197345,1883,56490,148.71449642600507
30,-10.933309,1884,56520,135.4871887638417
30,1.1452568,1885,56550,175.33078711993167
30,7.4864464,1886,56580,140.10825255961296
30,14.627752,1887,56610,144.8447768375662
30,10.733077,1888,56640,141.93874132405642
30,-9.79683,1889,56670,164.1306480225399
30,-20.071943,1890,56700,141.0034928948669
30,-4.2662463,1891,56730,131.64603155007146
30,-11.111287,1892,56760,155.38506944401567
30,-11.246402,1893,56790,165.83629761912607
30,-8.995631,1894,56820,135.91672328552866
30,-9.546944,1895,56850,128.37662576161347
30,-15.053326,1896,56880,151.80546373195767
30,-8.7009735,1897,56910,176.7814121818882
30,7.13334,1898,56940,129.11960398803097
30,-7.2338824,1899,56970,136.0737007049755
30,-28.516628,1900,57000,144.5572322203011
30,-9.26147,1901,57030,168.3627766203843
30,13.794975,1902,57060,137.78771585944088
30,3.6871898,1903,57090,144.081014791795
30,-5.96245,1904,57120,138.10636119077645
30,-10.026904,1905,57150,169.47230617555314
30,-14.342771,1906,57180,138.65238591097668
30,-6.0782905,1907,57210,129.31307280758188
30,-0.3861835,1908,57240,132.2793244172331
30,-4.97703,1909,57270,173.29232938856288
30,-5.862866,1910,57300,137.98399185885464
30,9.066577,1911,57330,137.191602938579
30,5.4598618,1912,57360,139.15656135019194
30,8.311973,1913,57390,141.31990094172747
30,8.961666,1914,57420,134.0848588438763
30,-12.499734,1915,57450,131.58779674913228
30,-5.8725433,1916,57480,144.45699380861467
30,-0.2117691,1917,57510,148.65897630985742
30,-9.013425,1918,57540,150.4733432031207
30,6.0227985,1919,57570,138.21087988541476
30,-6.458042,1920,57600,136.83652363418076
30,-22.734196,1921,57630,158.4979184642612
30,6.3052626,1922,57660,134.4160185105067
30,-10.39349,1923,57690,131.46818485289523
30,0.42061466,1924,57720,127.78551625384638
30,-4.8522806,1925,57750,151.33186927375107
30,-10.454835,1926,57780,138.40988664675697
30,-6.3096557,1927,57810,133.34017188211982
30,-11.304937,1928,57840,129.74909980325597
30,-10.401796,1929,57870,156.49920897883646
30,-0.79740226,1930,57900,137.04785762519876
30,-13.4133,1931,57930,141.8811248186022
30,8.091485,1932,57960,132.5178246830524
30,-3.6454735,1933,57990,150.22255968711275
30,-3.1001024,1934,58020,122.6432171481427
30,-11.875849,1935,58050,133.5845018387505
30,-1.2723951,1936,58080,129.39778141360583
30,5.523514,1937,58110,164.07714274537418
30,-2.760037,1938,58140,146.51344922061938
30,-6.1353617,1939,58170,137.61893408288037
30,1.1472508,1940,58200,137.14016666630337
30,-19.572033,1941,58230,156.860719223208
30,-8.382962,1942,58260,126.67811673838062
30,-5.2717977,1943,58290,137.42744680014505
30,-15.855172,1944,58320,147.8059421152972
30,1.5862436,1945,58350,169.79269304726242
30,-6.3487053,1946,58380,140.90812072292206
30,-0.0755489,1947,58410,136.72144400064326
30,9.266874,1948,58440,133.20409809513527
30,-27.826174,1949,58470,163.10137165285335
30,-4.1296,1950,58500,125.76183741698192
30,0.5404359,1951,58530,134.35416017118183
30,-4.0484915,1952,58560,126.04819175727414
30,-33.900368,1953,58590,165.71159159570462
30,-0.6100608,1954,58620,138.4447603413447
30,-8.223327,1955,58650,142.2944360824031
30,-1.4621592,1956,58680,137.86002666722177
30,1.2107978,1957,58710,140.04166889256905
30,6.706964,1958,58740,134.8236073147917
30,-1.0322056,1959,58770,129.79835365476265
30,-11.273654,1960,58800,133.6290475027346
30,4.8994255,1961,58830,166.81221132787852
30,-7.262746,1962,58860,135.22190388785842
30,1.7497325,1963,58890,139.12225109182376
30,-5.3019323,1964,58920,141.62035619743926
30,-11.265409,1965,58950,177.56248174337858
30,6.0617075,1966,58980,142.36785086741696
30,15.553517,1967,59010,141.80006085398423
30,2.8149898,1968,59040,131.10914759181767
30,-3.4305851,1969,59070,160.773578926925
30,-18.457638,1970,59100,133.69023978988503
30,-15.3271055,1971,59130,131.84894739103237
30,2.2362602,1972,59160,145.92944123582214
30,-19.285149,1973,59190,152.58617365332634
30,-7.6707535,1974,59220,132.84534700190565
30,13.442621,1975,59250,137.7685564036057
30,-9.8182535,1976,59280,137.45071544127526
30,6.874069,1977,59310,146.95097084317257
30,-4.748638,1978,59340,144.72848984662102
30,1.3705127,1979,59370,140.5260354137467
30,-19.810717,1980,59400,127.20291144359078
30,1.9836911,1981,59430,143.38226345692348
30,-1.8881952,1982,59460,148.62561391324067
30,-4.8859797,1983,59490,127.19442495749374
30,-14.4368,1984,59520,136.62435693919343
30,2.4206855,1985,59550,155.91106947836397
30,-2.224876,1986,59580,137.36668526182604
30,-0.25525564,1987,59610,134.73135987219544
30,-19.546076,1988,59640,142.76472870767688
30,-2.896189,1989,59670,170.67893606718147
30,-24.194824,1990,59700,146.73795843542166
30,-1.7269287,1991,59730,133.1988808802218
30,-5.1882124,1992,59760,140.0231240631583
30,-3.4213762,1993,59790,163.44776792151126
30,-7.2657604,1994,59820,149.6926775821067
30,-23.85121,1995,59850,135.48281230820913
30,4.4689226,1996,59880,143.92889864969203
30,-19.405352,1997,59910,172.99261583217276
30,-9.45252,1998,59940,146.7638022856263
30,-18.74332,1999,59970,143.7613337233109
30,0.27217388,2000,60000,146.8838986899074
30,1.3654875,2001,60030,173.50619265485773
30,-1.4058009,2002,60060,158.23103930464876
30,-8.662545,2003,60090,142.3217967757661
30,-8.482657,2004,60120,138.1890225554001
30,-0.8759075,2005,60150,150.1811424254251
30,-7.519004,2006,60180,150.38576135789145
30,-13.176867,2007,60210,134.39548843270032
30,-11.826385,2008,60240,142.04192766568946
30,-12.52271,2009,60270,165.4074944592111
30,-1.2363232,2010,60300,128.1990068404526
30,-12.217024,2011,60330,139.78295331463326
30,-25.519503,2012,60360,141.31752021563344
30,-17.836378,2013,60390,157.75058108484214
30,-15.432941,2014,60420,141.0959881049296
30,6.5766287,2015,60450,144.71117939918506
30,-8.787235,2016,60480,135.12490254573103
30,-16.13024,2017,60510,166.0041056058935
30,-0.8133557,2018,60540,145.47122694733727
30,1.3194767,2019,60570,131.57527542851406
30,-1.7050786,2020,60600,127.8470579628862
30,-2.9611566,2021,60630,168.5422858849704
30,6.2009172,2022,60660,149.05767125819153
30,-5.0123878,2023,60690,128.90439208189784
30,-6.3947773,2024,60720,133.73599312131128
30,0.16316867,2025,60750,160.7856997734443
30,-1.9740112,2026,60780,126.4778247632105
30,2.6138222,2027,60810,148.52386337078227
30,-16.430323,2028,60840,128.16936442503675
30,-12.937221,2029,60870,157.43458530341684
30,23.716387,2030,60900,143.7417907361692
30,-2.3983772,2031,60930,150.65043658162514
30,-4.381334,2032,60960,141.99480225198133
30,-3.4999647,2033,60990,167.4045396309704
30,-30.598795,2034,61020,146.31565238423042
30,0.5707382,2035,61050,136.18150156767294
30,0.73372734,2036,61080,164.29931070322894
30,7.352405,2037,61110,167.055602834243
30,-3.8093781,2038,61140,156.16183955291953
30,-6.499442,2039,61170,146.64373120760786
30,2.3213453,2040,61200,140.09546108908478
30,-0.5904734,2041,61230,179.65861340788345
30,-3.936873,2042,61260,152.92758160529507
30,-2.450205,2043,61290,152.87908702007016
30,-0.4717574,2044,61320,151.97120703398633
30,-15.157691,2045,61350,177.92076015949775
30,-9.304306,2046,61380,142.8125287289789
30,9.0105715,2047,61410,137.91412065021652
30,-7.3910217,2048,61440,145.82002463764925
30,-10.771498,2049,61470,166.38143306151647
30,-5.2197237,2050,61500,145.5243910901395
30,-7.9210973,2051,61530,147.5677710578442
30,-13.176315,2052,61560,143.6464512240229
30,-2.9795318,2053,61590,186.49308149254793
30,-9.468986,2054,61620,132.24526344664068
30,-8.341725,2055,61650,143.70682369494608
30,-12.606922,2056,61680,161.7900276573777
30,-2.9020083,2057,61710,167.91836091957398
30,-1.5726407,2058,61740,138.60534487449647
30,-12.115784,2059,61770,152.33936940285406
30,12.353764,2060,61800,145.50722626572397
30,8.92057,2061,61830,175.6246911926037
30,-1.737715,2062,61860,164.0959726239629
30,-8.608566,2063,61890,142.4824712383368
30,6.923304,2064,61920,151.41837033079304
30,-23.604774,2065,61950,166.74235918964476
30,-8.4465885,2066,61980,144.86412058010524
30,-9.82336,2067,62010,166.11718981031643
30,-9.575241,2068,62040,157.1237768909179
30,8.1008215,2069,62070,179.3904417572203
30,-17.383707,2070,62100,145.7200529473688
30,22.859747,2071,62130,149.84045327560213
